Code département,département,numéro commune,commune,Inscrits,Votants,Exprimés,LAGUILLER (LO),GARAUD (DVD),CREPEAU (MRG),BOUCHARDEAU (PSU),LALONDE (ECO),MITTERRAND (PS),GISCARD D'ESTAING (UDF),MARCHAIS (PCF),DEBRE (DVD),CHIRAC (RPR)
1,AIN,4,AMBERIEU-EN-BUGEY,5892,4493,4436,85,63,105,62,183,1211,1253,772,65,637
1,AIN,33,BELLEGARDE-SUR-VALSERINE,5782,4508,4460,116,71,110,56,190,1151,1168,780,79,739
1,AIN,53,BOURG-EN-BRESSE,22822,17592,17342,280,190,484,365,721,5193,4871,1884,328,3026
1,AIN,283,OYONNAX,11509,8849,8678,172,152,161,108,379,1654,2359,1610,168,1915
2,AISNE,168,CHATEAU-THIERRY,8860,6978,6871,182,84,171,72,274,1728,1778,1342,140,1100
2,AISNE,173,CHAUNY,8753,7186,7073,143,78,112,57,213,1742,1831,1598,117,1182
2,AISNE,381,HIRSON,7994,6531,6338,179,61,102,37,177,1527,1643,1588,101,923
2,AISNE,408,LAON,16703,13597,13383,359,143,281,159,521,3939,3477,1968,273,2263
2,AISNE,691,SAINT-QUENTIN,41040,33923,33384,837,337,563,231,1228,8121,8421,7246,574,5826
2,AISNE,722,SOISSONS,17885,14395,14200,307,188,235,114,513,3970,3894,2533,298,2148
2,AISNE,738,TERGNIER,8503,6957,6843,181,51,125,41,224,1843,1587,1914,97,780
3,ALLIER,82,COMMENTRY,6516,5370,5254,144,53,89,32,166,1428,1225,1485,59,573
3,ALLIER,95,CUSSET,9657,8005,7846,183,78,157,35,303,2188,2129,1503,89,1181
3,ALLIER,185,MONTLUCON,34668,29262,28750,583,317,545,191,904,6747,6474,7872,339,4778
3,ALLIER,190,MOULINS,15626,13047,12877,194,135,254,93,428,3151,3485,2176,166,2795
3,ALLIER,310,VICHY,21320,16880,16611,282,234,356,80,624,3789,5910,1607,224,3505
3,ALLIER,321,YZEURE,9020,7652,7540,119,67,140,51,253,2255,1807,1517,85,1246
4,ALPES-DE-HAUTE-PROVENCE,70,DIGNE-LES-BAINS,9815,7848,7709,168,123,176,90,420,1928,2141,1129,128,1406
4,ALPES-DE-HAUTE-PROVENCE,112,MANOSQUE,11783,9772,9636,202,150,201,93,375,2480,2973,1488,120,1554
5,HAUTES-ALPES,23,BRIANCON,5931,4642,4566,121,61,110,70,288,1080,1332,669,86,749
5,HAUTES-ALPES,61,GAP,18741,15350,15074,323,207,332,213,860,4329,4112,1810,287,2601
6,ALPES-MARITIMES,4,ANTIBES,40523,32217,31801,411,465,562,210,1255,7054,11094,3608,436,6706
6,ALPES-MARITIMES,12,BEAUSOLEIL,9696,7292,7183,135,66,89,50,236,1253,2503,1348,72,1431
6,ALPES-MARITIMES,27,CAGNES-SUR-MER,22725,17843,17549,231,262,320,126,718,3736,5936,2307,225,3688
6,ALPES-MARITIMES,29,CANNES,50128,41313,40817,533,530,683,209,1375,8681,14644,4750,498,8914
6,ALPES-MARITIMES,30,LE CANNET,23768,19125,18900,285,267,370,114,702,4274,6325,2365,222,3976
6,ALPES-MARITIMES,69,GRASSE,22700,17646,17358,251,218,297,116,683,3307,5700,3227,243,3316
6,ALPES-MARITIMES,79,MANDELIEU-LA-NAPOULE,8158,6890,6806,101,93,127,28,221,1424,2379,869,83,1481
6,ALPES-MARITIMES,83,MENTON,19298,15811,15585,256,165,224,61,576,3195,5369,2295,212,3232
6,ALPES-MARITIMES,85,MOUGINS,5922,4809,4730,71,72,86,32,197,855,1540,599,74,1204
6,ALPES-MARITIMES,88,NICE,225511,176054,173782,2251,2337,2791,1209,6223,38728,55483,28888,2121,33751
6,ALPES-MARITIMES,104,ROQUEBRUNE-CAP-MARTIN,8109,6419,6333,100,81,112,40,240,1216,2295,732,86,1431
6,ALPES-MARITIMES,123,SAINT-LAURENT-DU-VAR,12371,9881,9727,147,134,177,77,381,2384,2837,1508,124,1958
6,ALPES-MARITIMES,155,VALLAURIS,12037,9717,9550,135,117,155,81,390,1928,2702,2176,96,1770
6,ALPES-MARITIMES,157,VENCE,8271,6570,6491,84,77,129,64,311,1321,2247,703,89,1466
7,ARDECHE,10,ANNONAY,12458,9936,9766,165,109,166,143,414,2718,2744,1634,151,1522
7,ARDECHE,19,AUBENAS,7428,6006,5914,99,57,91,61,235,1508,1740,783,86,1254
7,ARDECHE,102,GUILHERAND-GRANGES,6185,4998,4925,103,62,127,68,229,1628,1286,527,126,769
7,ARDECHE,186,PRIVAS,5942,4671,4605,93,66,101,86,214,1274,1385,523,112,751
7,ARDECHE,324,TOURNON-SUR-RHONE,5879,4703,4655,89,56,84,86,220,1240,1536,618,96,630
8,ARDENNES,105,CHARLEVILLE-MEZIERES,32709,26615,26300,598,302,473,311,1053,7411,6585,5059,545,3963
8,ARDENNES,363,REVIN,5663,4696,4648,129,43,62,62,141,1599,1000,1085,72,455
8,ARDENNES,409,SEDAN,13066,10561,10460,212,94,169,116,342,3039,2509,2066,204,1709
9,ARIEGE,122,FOIX,5941,5031,4961,108,62,123,52,219,1852,1085,655,76,729
9,ARIEGE,225,PAMIERS,9264,7371,7246,147,80,207,64,249,1781,1579,1847,79,1213
10,AUBE,81,LA CHAPELLE-SAINT-LUC,7747,5927,5853,127,79,129,42,205,1776,1465,1219,117,694
10,AUBE,323,ROMILLY-SUR-SEINE,11187,9020,8870,189,106,153,56,329,1767,2058,2921,157,1134
10,AUBE,333,SAINT-ANDRE-LES-VERGERS,7101,5770,5685,104,112,165,48,262,1543,1598,802,106,945
10,AUBE,362,SAINTE-SAVINE,7282,5750,5659,108,78,130,49,213,1525,1657,924,122,853
10,AUBE,387,TROYES,37579,28973,28605,583,384,573,215,1036,6929,8457,5079,588,4761
11,AUDE,69,CARCASSONNE,27742,22062,21714,418,243,449,234,751,6384,4793,4228,287,3927
11,AUDE,76,CASTELNAUDARY,7416,6297,6180,149,80,140,39,175,1860,1224,809,79,1625
11,AUDE,206,LIMOUX,6503,5487,5401,130,48,100,41,177,1766,1025,1038,70,1006
11,AUDE,262,NARBONNE,26819,22253,21828,409,195,369,178,759,6132,5008,4821,299,3658
12,AVEYRON,145,MILLAU,15505,12710,12411,462,190,221,203,631,3564,3061,1834,210,2035
12,AVEYRON,176,ONET-LE-CHATEAU,4721,4107,4022,111,66,80,47,240,1293,963,413,40,769
12,AVEYRON,202,RODEZ,14019,11603,11391,251,177,257,150,609,3029,3273,820,245,2580
12,AVEYRON,300,VILLEFRANCHE-DE-ROUERGUE,8038,6482,6332,151,84,198,92,262,2002,1615,516,82,1330
13,BOUCHES-DU-RHONE,1,AIX-EN-PROVENCE,69668,54885,54049,949,1134,1212,819,2713,13749,16451,6495,866,9661
13,BOUCHES-DU-RHONE,2,ALLAUCH,9614,8040,7939,138,82,142,61,320,2089,1884,1869,116,1238
13,BOUCHES-DU-RHONE,4,ARLES,32810,27410,26939,434,287,396,203,983,5958,6328,8124,319,3907
13,BOUCHES-DU-RHONE,5,AUBAGNE,24327,19806,19441,294,193,295,165,729,3275,5265,6362,218,2645
13,BOUCHES-DU-RHONE,14,BERRE-L'ETANG,6629,5401,5306,86,57,71,35,165,1105,875,2448,33,431
13,BOUCHES-DU-RHONE,26,CHATEAUNEUF-LES-MARTIGUES,6427,5374,5262,119,49,118,44,182,1702,1174,1293,60,521
13,BOUCHES-DU-RHONE,27,CHATEAURENARD,7561,5933,5790,92,83,119,37,207,1238,1616,1267,70,1061
13,BOUCHES-DU-RHONE,28,LA CIOTAT,21701,17817,17546,261,183,251,112,632,3615,5078,5148,191,2075
13,BOUCHES-DU-RHONE,39,FOS-SUR-MER,5044,4232,4184,93,47,84,28,181,1049,994,1111,37,560
13,BOUCHES-DU-RHONE,41,GARDANNE,9679,8100,7955,147,75,92,51,214,1658,1915,2943,75,785
13,BOUCHES-DU-RHONE,47,ISTRES,14791,12239,12055,249,171,238,109,582,3401,3061,2630,135,1479
13,BOUCHES-DU-RHONE,54,MARIGNANE,16996,13204,13012,213,145,190,67,498,3228,3716,2928,144,1883
13,BOUCHES-DU-RHONE,55,MARSEILLE,511780,380175,375788,5782,4451,5454,2677,12185,91813,96696,96992,4663,55075
13,BOUCHES-DU-RHONE,56,MARTIGUES,24197,19842,19549,388,242,330,219,807,4531,4176,6515,216,2125
13,BOUCHES-DU-RHONE,63,MIRAMAS,11671,9826,9687,199,119,160,64,378,2208,1969,3268,104,1218
13,BOUCHES-DU-RHONE,71,LES PENNES-MIRABEAU,11023,8924,8834,159,77,133,72,321,2303,1869,2662,101,1137
13,BOUCHES-DU-RHONE,77,PORT-DE-BOUC,11556,10249,10120,155,65,101,51,241,1638,1452,5745,56,616
13,BOUCHES-DU-RHONE,78,PORT-SAINT-LOUIS-DU-RHONE,5897,5311,5232,48,24,46,17,149,682,843,2897,26,500
13,BOUCHES-DU-RHONE,81,ROGNAC,4665,3635,3582,64,55,51,28,139,918,801,985,40,501
13,BOUCHES-DU-RHONE,97,SAINT-MARTIN-DE-CRAU,4929,4226,4182,110,66,93,28,195,1198,907,881,50,654
13,BOUCHES-DU-RHONE,103,SALON-DE-PROVENCE,21836,17523,17226,265,289,418,148,778,4319,5080,2363,278,3288
13,BOUCHES-DU-RHONE,106,SEPTEMES-LES-VALLONS,6383,5491,5425,84,57,69,22,166,1120,933,2435,46,493
13,BOUCHES-DU-RHONE,108,TARASCON,7191,5858,5758,128,82,93,34,191,1415,1641,1281,103,790
13,BOUCHES-DU-RHONE,117,VITROLLES,10656,8496,8365,162,126,194,86,367,2136,2009,1876,103,1306
14,CALVADOS,47,BAYEUX,9445,7669,7567,213,95,170,67,353,2008,2389,728,143,1401
14,CALVADOS,118,CAEN,69102,53622,52996,1216,789,1342,765,2889,15925,14868,5127,1022,9053
14,CALVADOS,327,HEROUVILLE-SAINT-CLAIR,11944,9444,9299,271,108,237,226,520,3520,1756,1554,124,983
14,CALVADOS,366,LISIEUX,15663,12862,12630,375,161,296,155,431,3283,3991,1382,221,2335
14,CALVADOS,437,MONDEVILLE,6255,5075,5022,132,31,118,49,233,1836,999,1084,64,476
14,CALVADOS,762,VIRE,9205,7674,7510,206,106,164,70,327,1733,2534,687,120,1563
15,CANTAL,14,AURILLAC,18585,15115,14937,262,159,282,163,409,4490,3299,1821,173,3879
16,CHARENTE,15,ANGOULEME,28952,23053,22781,368,271,930,193,679,7028,5672,2880,408,4352
16,CHARENTE,102,COGNAC,13506,10687,10538,167,137,710,75,347,2935,2938,1097,189,1943
16,CHARENTE,374,SOYAUX,6918,5475,5379,130,86,231,51,180,1762,1158,854,70,857
17,CHARENTE-MARITIME,299,ROCHEFORT,17046,12970,12825,190,148,1344,116,379,3074,3862,1716,198,1798
17,CHARENTE-MARITIME,300,LA ROCHELLE,47343,36595,36248,469,479,6748,338,1031,8056,8279,5606,471,4771
17,CHARENTE-MARITIME,306,ROYAN,13778,10787,10649,135,136,779,37,320,2421,3332,1001,157,2331
17,CHARENTE-MARITIME,415,SAINTES,18216,14605,14410,222,183,1231,109,490,4091,3574,2426,250,1834
18,CHER,33,BOURGES,46970,38101,37469,861,422,870,310,1433,9100,10996,6763,702,6012
18,CHER,197,SAINT-AMAND-MONTROND,8478,6896,6756,155,63,162,38,218,1495,1836,1241,116,1432
18,CHER,279,VIERZON,22802,18917,18639,498,179,403,174,592,3995,4086,5809,326,2577
19,CORREZE,31,BRIVE-LA-GAILLARDE,33067,27950,27558,451,256,488,186,682,6691,3520,5038,342,9904
19,CORREZE,272,TULLE,13377,11042,10913,157,81,158,96,276,2335,945,2573,77,4215
19,CORREZE,275,USSEL,7103,6174,6084,103,41,73,32,163,1159,415,885,53,3160
2A,CORSE-DU-SUD (> 1975),4,AJACCIO,25260,18986,18593,130,174,198,99,413,3800,6210,3187,143,4239
2B,HAUTE-CORSE (> 1975),33,BASTIA,21524,13827,13585,98,75,997,64,251,2242,3272,3918,101,2567
21,COTE-D'OR,54,BEAUNE,11793,9390,9246,185,126,234,88,385,2642,2658,663,195,2070
21,COTE-D'OR,166,CHENOVE,9689,7667,7566,176,92,187,97,325,3024,1566,1034,102,963
21,COTE-D'OR,231,DIJON,79964,62436,61675,1204,987,1456,984,2793,18588,17089,5792,1357,11425
21,COTE-D'OR,617,TALANT,5954,4712,4643,92,85,113,106,273,1491,1135,355,98,895
22,COTES-D'ARMOR,50,DINAN,8373,6662,6571,135,78,155,99,320,1695,2076,627,102,1284
22,COTES-D'ARMOR,93,LAMBALLE,6669,5753,5690,112,64,76,111,236,1678,1509,570,74,1260
22,COTES-D'ARMOR,113,LANNION,10844,8832,8721,211,101,190,212,484,2726,2208,1182,126,1281
22,COTES-D'ARMOR,136,LOUDEAC,6260,5314,5255,154,50,91,93,195,1465,1413,531,72,1191
22,COTES-D'ARMOR,187,PLERIN,7361,6171,6085,182,71,140,110,312,1773,1572,949,91,885
22,COTES-D'ARMOR,215,PLOUFRAGAN,6100,5266,5194,159,56,110,78,243,1538,1083,1193,62,672
22,COTES-D'ARMOR,278,SAINT-BRIEUC,33222,27218,26956,577,299,553,606,1375,8141,6672,4049,462,4222
23,CREUSE,96,GUERET,9507,7900,7798,179,75,148,65,260,2175,1528,1213,87,2068
24,DORDOGNE,37,BERGERAC,19564,16063,15729,370,218,375,143,541,4403,4064,2292,264,3059
24,DORDOGNE,322,PERIGUEUX,22964,18917,18682,308,228,470,195,596,4415,4097,3484,440,4449
24,DORDOGNE,520,SARLAT-LA-CANEDA,6732,5529,5436,127,74,136,66,180,1360,891,1113,61,1428
25,DOUBS,31,AUDINCOURT,9241,7345,7231,184,84,107,83,268,2235,1321,1777,112,1060
25,DOUBS,56,BESANCON,61934,46927,46266,1035,800,937,1128,2580,13251,11898,4641,933,9063
25,DOUBS,57,BETHONCOURT,3789,2982,2943,114,35,57,46,103,1025,477,720,29,337
25,DOUBS,388,MONTBELIARD,16643,13596,13392,317,190,260,193,577,4662,2877,1601,230,2485
25,DOUBS,462,PONTARLIER,10920,8546,8378,227,140,152,152,368,2299,2327,914,180,1619
25,DOUBS,580,VALENTIGNEY,7863,6189,6081,145,78,119,92,260,2194,1209,1028,95,861
26,DROME,58,BOURG-LES-VALENCE,9891,7832,7707,172,94,177,116,372,2378,1978,1127,124,1169
26,DROME,198,MONTELIMAR,17484,14178,13947,296,204,326,167,619,3944,3954,1983,258,2196
26,DROME,235,PIERRELATTE,6644,5304,5189,154,85,105,57,201,1442,1549,696,102,798
26,DROME,281,ROMANS-SUR-ISERE,20227,15398,15143,359,207,274,220,731,4464,4109,2283,240,2256
26,DROME,362,VALENCE,39319,30545,30062,575,411,733,436,1400,8635,8383,3827,582,5080
27,EURE,56,BERNAY,6883,5704,5620,151,50,168,69,205,1626,1824,550,108,869
27,EURE,229,EVREUX,27994,21974,21579,473,296,545,286,1034,6041,6556,2710,340,3298
27,EURE,375,LOUVIERS,11285,8869,8680,239,101,165,80,306,2831,2464,1049,136,1309
27,EURE,467,PONT-AUDEMER,5859,4938,4853,152,52,114,43,162,1442,1414,702,56,716
27,EURE,681,VERNON,13690,11157,10999,331,152,285,112,426,2723,3141,1493,199,2137
28,EURE-ET-LOIR,85,CHARTRES,21180,17394,17094,401,239,504,199,733,4727,5515,1707,309,2760
28,EURE-ET-LOIR,88,CHATEAUDUN,9424,7941,7781,218,137,282,57,324,1846,2332,1318,149,1118
28,EURE-ET-LOIR,134,DREUX,15491,12204,12000,289,180,343,149,474,3390,3579,1536,209,1851
28,EURE-ET-LOIR,218,LUCE,10211,8097,7928,241,96,296,84,350,2651,2048,1046,127,989
28,EURE-ET-LOIR,229,MAINVILLIERS,5728,4535,4459,128,52,129,67,209,1480,1215,601,73,505
28,EURE-ET-LOIR,280,NOGENT-LE-ROTROU,8631,7173,7038,187,78,196,61,275,1886,2395,662,110,1188
28,EURE-ET-LOIR,404,VERNOUILLET,5597,4604,4508,125,60,153,37,194,1479,1207,542,75,636
29,FINISTERE,19,BREST,100928,78255,77565,1449,870,1551,1631,3294,23454,23886,8364,985,12081
29,FINISTERE,39,CONCARNEAU,13821,10968,10807,267,102,276,176,486,2619,3048,1900,156,1777
29,FINISTERE,46,DOUARNENEZ,14217,11079,10915,224,133,237,256,574,2642,3455,1420,183,1791
29,FINISTERE,75,GUIPAVAS,7102,5960,5908,117,64,110,97,252,1664,1786,392,67,1359
29,FINISTERE,103,LANDERNEAU,9661,8057,7994,156,82,138,134,419,2567,2396,508,145,1449
29,FINISTERE,151,MORLAIX,12225,9853,9763,231,91,189,324,481,2918,2377,1370,141,1641
29,FINISTERE,189,PLOUGASTEL-DAOULAS,6773,5572,5511,102,70,96,86,234,1213,2065,278,67,1300
29,FINISTERE,232,QUIMPER,35895,30092,29771,695,335,675,931,1734,9434,7116,3214,436,5201
29,FINISTERE,233,QUIMPERLE,7448,6225,6153,175,52,107,110,314,1874,1723,899,71,828
29,FINISTERE,235,LE RELECQ-KERHUON,6801,5501,5443,106,57,141,102,214,1724,1436,791,77,795
30,GARD,7,ALES,29118,24385,23855,476,194,312,256,845,4420,5775,8152,381,3044
30,GARD,28,BAGNOLS-SUR-CEZE,11101,8989,8824,255,129,178,88,343,2697,2277,1510,150,1197
30,GARD,32,BEAUCAIRE,8060,6550,6408,149,45,91,46,199,1302,1583,2119,65,809
30,GARD,189,NIMES,81742,62272,61374,1132,787,1074,681,2498,14754,16640,13455,1013,9340
30,GARD,258,SAINT-GILLES,5957,4905,4810,105,56,85,36,187,1043,1121,1339,41,797
30,GARD,341,VAUVERT,5398,4428,4337,121,45,71,32,164,1136,1019,1138,51,560
30,GARD,351,VILLENEUVE-LES-AVIGNON,6451,5067,4969,80,86,150,60,325,1267,1375,569,107,950
31,HAUTE-GARONNE,69,BLAGNAC,8889,7423,7313,158,92,345,92,335,2469,1440,1275,69,1038
31,HAUTE-GARONNE,149,COLOMIERS,13444,10918,10757,274,132,279,126,521,4293,1951,1672,128,1381
31,HAUTE-GARONNE,157,CUGNAUX,5670,4622,4544,110,60,147,62,206,1573,906,669,66,745
31,HAUTE-GARONNE,395,MURET,9446,7478,7336,161,159,160,110,327,2212,1852,983,68,1304
31,HAUTE-GARONNE,446,RAMONVILLE-SAINT-AGNE,6231,5087,5023,83,123,172,144,338,1679,932,447,76,1029
31,HAUTE-GARONNE,483,SAINT-GAUDENS,8454,6223,6114,139,114,191,71,256,1675,1667,589,66,1346
31,HAUTE-GARONNE,555,TOULOUSE,206387,155329,153177,3112,2305,3670,2268,6551,49139,35849,23173,2159,24951
31,HAUTE-GARONNE,561,L'UNION,6530,5556,5457,116,82,155,89,278,1856,1243,645,80,913
32,GERS,13,AUCH,13987,11564,11366,243,142,341,152,510,3635,2775,1306,164,2098
33,GIRONDE,9,ARCACHON,10698,8644,8539,147,181,247,41,253,1902,2866,508,219,2175
33,GIRONDE,39,BEGLES,17116,12796,12649,310,129,296,90,366,4206,2046,3836,245,1125
33,GIRONDE,56,BLANQUEFORT,5506,4677,4590,124,92,153,49,174,1556,1000,688,97,657
33,GIRONDE,63,BORDEAUX,129315,98154,97107,1806,1588,2752,903,3425,28400,25349,11101,3135,18648
33,GIRONDE,69,LE BOUSCAT,14494,11852,11728,196,168,333,93,413,3644,2907,1529,285,2160
33,GIRONDE,119,CENON,13723,11051,10923,270,121,266,89,316,4323,1588,2670,186,1094
33,GIRONDE,122,CESTAS,7018,6213,6151,140,112,223,63,283,2374,1132,866,108,850
33,GIRONDE,162,EYSINES,8391,7074,6973,160,119,220,60,267,2397,1540,915,164,1131
33,GIRONDE,167,FLOIRAC,8003,6412,6339,151,54,139,41,189,2487,834,1758,92,594
33,GIRONDE,192,GRADIGNAN,11137,9081,8931,204,165,294,136,428,3081,1989,973,215,1446
33,GIRONDE,243,LIBOURNE,15503,12072,11902,183,162,360,92,423,3779,3053,1135,257,2458
33,GIRONDE,249,LORMONT,10403,8605,8469,203,85,208,85,248,3458,1299,1986,110,787
33,GIRONDE,281,MERIGNAC,31701,25441,25088,582,392,763,243,1024,9384,5230,3182,542,3746
33,GIRONDE,318,PESSAC,29712,23556,23221,658,411,709,245,1036,7778,5178,3186,542,3478
33,GIRONDE,449,SAINT-MEDARD-EN-JALLES,11459,9599,9451,224,194,328,80,355,3427,2025,1094,217,1507
33,GIRONDE,522,TALENCE,21487,16487,16267,332,303,573,235,746,5681,3662,1686,466,2583
33,GIRONDE,529,LA TESTE-DE-BUCH,12133,9720,9554,219,150,267,63,363,2786,2600,1057,183,1866
33,GIRONDE,550,VILLENAVE-D'ORNON,14154,11683,11531,255,142,306,85,413,4477,2092,2025,251,1485
34,HERAULT,3,AGDE,9976,7932,7812,164,83,183,55,258,1622,2013,1633,155,1646
34,HERAULT,32,BEZIERS,51375,39406,38784,767,406,796,316,1291,9163,10484,8910,627,6024
34,HERAULT,57,CASTELNAU-LE-LEZ,7001,5742,5668,96,79,94,77,264,1574,1685,639,109,1051
34,HERAULT,108,FRONTIGNAN,9371,7708,7509,143,79,121,58,239,2085,1704,2129,88,863
34,HERAULT,145,LUNEL,9003,7399,7255,154,82,97,65,249,1567,2008,1699,105,1229
34,HERAULT,154,MAUGUIO,5420,4633,4578,85,51,67,47,169,1446,976,943,71,723
34,HERAULT,172,MONTPELLIER,105057,81100,80013,1470,1180,1634,1316,3839,22384,23107,9957,1416,13710
34,HERAULT,301,SETE,28830,22813,22417,370,174,280,200,710,4765,5795,6260,304,3559
35,ILLE-ET-VILAINE,51,CESSON-SEVIGNE,6511,5390,5329,102,89,162,114,375,1643,1407,336,118,983
35,ILLE-ET-VILAINE,93,DINARD,7313,5614,5547,92,78,116,47,242,1290,1897,411,108,1266
35,ILLE-ET-VILAINE,115,FOUGERES,17921,14672,14442,366,196,310,203,592,3795,4787,1122,305,2766
35,ILLE-ET-VILAINE,236,REDON,6050,4990,4914,88,60,104,89,195,1427,1392,619,74,866
35,ILLE-ET-VILAINE,238,RENNES,111041,87354,86321,2301,1183,2352,2233,5125,27750,21661,7883,1709,14124
35,ILLE-ET-VILAINE,288,SAINT-MALO,32492,25510,25058,558,338,525,281,1164,6939,8141,2000,404,4708
35,ILLE-ET-VILAINE,360,VITRE,8458,7262,7132,178,109,152,84,348,1519,2874,299,134,1435
36,INDRE,44,CHATEAUROUX,33405,27468,26926,649,361,598,240,971,6701,7080,4924,492,4910
36,INDRE,88,ISSOUDUN,10368,8780,8606,265,108,198,83,241,2314,2301,1631,129,1336
37,INDRE-ET-LOIRE,3,AMBOISE,7089,5917,5788,129,75,220,42,206,1572,1250,538,889,867
37,INDRE-ET-LOIRE,122,JOUE-LES-TOURS,17999,14760,14508,363,275,551,151,631,4631,3635,1533,508,2230
37,INDRE-ET-LOIRE,208,SAINT-AVERTIN,6408,5447,5374,103,105,182,77,255,1620,1348,463,219,1002
37,INDRE-ET-LOIRE,214,SAINT-CYR-SUR-LOIRE,9509,7882,7755,130,144,315,95,363,2282,2113,573,311,1429
37,INDRE-ET-LOIRE,233,SAINT-PIERRE-DES-CORPS,11477,9312,9178,194,75,268,82,284,2781,1434,3154,243,663
37,INDRE-ET-LOIRE,261,TOURS,81406,62181,61299,1281,976,1964,859,2474,17752,16901,6671,2328,10093
38,ISERE,53,BOURGOIN-JALLIEU,12900,9832,9635,232,137,231,138,530,2697,2475,1602,202,1391
38,ISERE,151,ECHIROLLES,17757,14588,14296,351,175,279,176,661,4335,2657,3922,213,1527
38,ISERE,169,FONTAINE,12203,9800,9660,235,90,192,109,400,2807,1631,3112,105,979
38,ISERE,185,GRENOBLE,85984,64721,63855,1206,832,1340,1449,3373,19216,16176,8517,1249,10497
38,ISERE,229,MEYLAN,8797,7164,7073,125,162,205,153,501,1936,1834,514,164,1479
38,ISERE,317,LE PONT-DE-CLAIX,5645,4458,4388,134,53,94,46,225,1229,956,976,63,612
38,ISERE,382,SAINT-EGREVE,8294,6715,6629,157,102,205,141,400,1978,1591,871,145,1039
38,ISERE,421,SAINT-MARTIN-D'HERES,15352,12101,11920,265,124,223,225,609,3588,2284,3219,142,1241
38,ISERE,485,SEYSSINET-PARISET,6989,5370,5298,116,90,139,85,316,1816,1096,811,95,734
38,ISERE,544,VIENNE,16925,13634,13414,254,181,320,213,587,4194,3843,1637,230,1955
38,ISERE,553,VILLEFONTAINE,3078,2516,2486,55,120,374,940,65,150,274,438,30,40
38,ISERE,563,VOIRON,11348,8909,8744,181,120,189,102,527,2313,2352,1322,181,1457
39,JURA,97,CHAMPAGNOLE,5663,4695,4609,125,56,99,72,270,1261,1049,661,101,915
39,JURA,198,DOLE,16151,12850,12643,327,167,250,282,606,3519,3211,2236,239,1806
39,JURA,300,LONS-LE-SAUNIER,12250,10056,9861,200,155,244,140,491,2712,2866,1206,178,1669
39,JURA,478,SAINT-CLAUDE,7264,5633,5544,146,113,159,77,296,1576,1423,711,144,899
40,LANDES,88,DAX,13198,10628,10437,177,150,221,83,329,2936,3583,932,163,1863
40,LANDES,192,MONT-DE-MARSAN,17385,14067,13873,219,177,347,111,513,4541,3793,1155,265,2752
40,LANDES,279,SAINT-PAUL-LES-DAX,6370,5451,5368,91,59,106,32,186,2116,1324,676,82,696
41,LOIR-ET-CHER,18,BLOIS,28225,22528,22157,527,401,614,329,907,6166,6528,2871,638,3176
41,LOIR-ET-CHER,194,ROMORANTIN-LANTHENAY,10866,9121,8926,202,116,200,71,288,2415,2815,1253,148,1418
41,LOIR-ET-CHER,269,VENDOME,11252,9581,9200,252,122,223,94,350,2317,2957,1547,214,1124
42,LOIRE,44,LE CHAMBON-FEUGEROLLES,10304,8069,7882,190,84,101,110,262,2068,1905,2045,119,998
42,LOIRE,95,FIRMINY,15192,11844,11601,242,133,217,264,416,2652,2983,2929,194,1571
42,LOIRE,147,MONTBRISON,8050,6713,6580,145,104,127,78,302,1741,2198,649,110,1126
42,LOIRE,183,LA RICAMARIE,6556,5051,4965,119,46,70,64,146,1010,1079,1848,69,514
42,LOIRE,186,RIVE-DE-GIER,8808,7169,7054,141,70,111,85,243,2023,1544,1962,107,768
42,LOIRE,187,ROANNE,32212,24754,24398,509,278,514,307,923,6678,6239,4514,371,4065
42,LOIRE,189,ROCHE-LA-MOLIERE,5910,4669,4605,103,41,53,60,142,1336,1429,727,75,639
42,LOIRE,207,SAINT-CHAMOND,24490,19578,19216,439,251,378,285,895,5728,5271,2710,370,2889
42,LOIRE,218,SAINT-ETIENNE,125774,94350,93153,1709,1237,1911,1837,3971,22009,25648,16766,1658,16407
42,LOIRE,279,SAINT-JUST-SAINT-RAMBERT,6514,5127,5041,91,76,128,55,201,1183,1562,730,101,914
43,HAUTE-LOIRE,157,LE PUY-EN-VELAY,13350,11073,10896,212,132,212,133,475,2845,3812,1044,163,1868
44,LOIRE-ATLANTIQUE,20,BOUGUENAIS,8106,6733,6659,204,62,175,136,254,2742,1307,823,80,876
44,LOIRE-ATLANTIQUE,26,CARQUEFOU,5474,4672,4596,151,61,172,64,241,1216,1408,301,108,874
44,LOIRE-ATLANTIQUE,35,LA CHAPELLE-SUR-ERDRE,6566,5626,5551,124,95,209,126,316,1852,1464,342,105,918
44,LOIRE-ATLANTIQUE,36,CHATEAUBRIANT,9176,7698,7574,193,88,159,94,296,2459,1931,834,125,1395
44,LOIRE-ATLANTIQUE,47,COUERON,9222,7591,7480,263,55,179,112,291,2839,1399,1492,104,746
44,LOIRE-ATLANTIQUE,55,LA BAULE-ESCOUBLAC,11513,9419,9308,163,154,290,103,385,2213,2895,695,219,2191
44,LOIRE-ATLANTIQUE,69,GUERANDE,5847,4885,4807,108,75,124,72,232,1124,1722,291,131,928
44,LOIRE-ATLANTIQUE,109,NANTES,157936,121032,119593,2628,1728,4217,2036,5811,34228,32862,12632,2407,21044
44,LOIRE-ATLANTIQUE,114,ORVAULT,14374,11812,11704,274,184,454,276,703,3702,2912,958,236,2005
44,LOIRE-ATLANTIQUE,143,REZE,24360,19222,18966,588,208,641,313,915,6941,4018,2497,241,2604
44,LOIRE-ATLANTIQUE,162,SAINT-HERBLAIN,24041,19366,19131,501,245,683,382,992,6958,4200,2202,326,2642
44,LOIRE-ATLANTIQUE,184,SAINT-NAZAIRE,44529,35067,34585,1013,447,980,751,1737,11963,7291,5575,506,4322
44,LOIRE-ATLANTIQUE,190,SAINT-SEBASTIEN-SUR-LOIRE,11925,10027,9852,252,135,357,149,465,3254,2220,1105,192,1723
44,LOIRE-ATLANTIQUE,215,VERTOU,10028,8564,8413,211,87,290,98,364,2465,2445,787,179,1487
45,LOIRET,4,AMILLY,6175,5189,5083,164,84,121,33,270,1161,1491,745,89,925
45,LOIRET,68,CHALETTE-SUR-LOING,7894,6486,6358,211,77,123,54,251,1506,1502,1838,83,713
45,LOIRET,147,FLEURY-LES-AUBRAIS,11934,9868,9649,255,147,298,102,430,2825,2234,1912,168,1278
45,LOIRET,155,GIEN,9035,7527,7370,195,108,188,48,289,1902,2252,1048,138,1202
45,LOIRET,208,MONTARGIS,10689,8469,8288,199,120,178,74,331,1779,2507,1326,143,1631
45,LOIRET,232,OLIVET,8594,7257,7124,117,158,271,111,423,1706,2029,554,200,1555
45,LOIRET,234,ORLEANS,58039,46307,45613,996,802,1370,646,2306,11672,13938,4667,1071,8145
45,LOIRET,252,PITHIVIERS,5719,4618,4511,125,47,126,38,209,1153,1430,552,79,752
45,LOIRET,284,SAINT-JEAN-DE-BRAYE,8154,6648,6512,192,104,189,79,346,1914,1804,730,126,1028
45,LOIRET,285,SAINT-JEAN-DE-LA-RUELLE,9214,7719,7526,222,99,229,102,360,2106,2075,1124,174,1035
45,LOIRET,302,SARAN,5846,5110,5007,136,89,164,57,217,1412,1318,878,85,651
46,LOT,42,CAHORS,11645,9746,9583,246,139,400,99,402,3192,1982,1140,149,1834
46,LOT,102,FIGEAC,6509,5431,5311,132,80,144,79,189,1866,984,630,64,1143
47,LOT-ET-GARONNE,1,AGEN,22283,17294,17014,331,226,439,147,791,4640,4848,2447,247,2898
47,LOT-ET-GARONNE,157,MARMANDE,12653,10278,10071,258,123,240,72,346,2760,2499,1731,130,1912
47,LOT-ET-GARONNE,310,TONNEINS,7159,6066,5963,150,72,120,40,209,1741,1328,1285,155,863
47,LOT-ET-GARONNE,323,VILLENEUVE-SUR-LOT,16204,13177,12910,268,184,352,101,473,3579,3511,1513,215,2714
48,LOZERE,95,MENDE,6204,5038,4963,105,78,70,80,257,1331,1728,324,119,871
49,MAINE-ET-LOIRE,7,ANGERS,81180,63847,62939,1287,770,1727,992,3064,17045,20823,5396,1406,10429
49,MAINE-ET-LOIRE,15,AVRILLE,6811,5790,5695,110,85,172,93,342,1507,1807,344,124,1111
49,MAINE-ET-LOIRE,99,CHOLET,32254,26737,26306,684,374,934,314,1292,7555,7701,2556,547,4349
49,MAINE-ET-LOIRE,246,LES PONTS-DE-CE,6739,5664,5575,174,58,158,54,323,1688,1619,585,128,788
49,MAINE-ET-LOIRE,267,SAINT-BARTHELEMY-D'ANJOU,5166,4413,4333,128,60,143,79,274,1424,1099,471,68,587
49,MAINE-ET-LOIRE,328,SAUMUR,19360,15395,15131,331,230,413,104,537,3924,5473,1032,331,2756
49,MAINE-ET-LOIRE,353,TRELAZE,6850,5593,5512,162,35,107,47,186,1926,1054,1482,81,432
50,MANCHE,25,AVRANCHES,6593,5362,5272,137,75,109,60,241,1283,1824,306,85,1152
50,MANCHE,129,CHERBOURG-OCTEVILLE,18776,14419,14251,262,177,297,138,744,3998,4563,1667,268,2137
50,MANCHE,147,COUTANCES,6252,5125,5033,104,57,138,61,274,1277,1759,292,109,962
50,MANCHE,173,EQUEURDREVILLE-HAINNEVILLE,9371,7723,7634,161,93,150,77,478,2945,1869,1062,92,707
50,MANCHE,218,GRANVILLE,9574,7479,7356,219,113,197,67,323,1940,2460,614,155,1268
50,MANCHE,383,OCTEVILLE,10084,8061,7940,217,96,165,82,512,2739,2066,1138,94,831
50,MANCHE,502,SAINT-LO,14593,11804,11663,217,139,278,197,644,3290,3590,953,207,2148
50,MANCHE,602,TOURLAVILLE,8926,7372,7275,156,63,124,61,453,2521,2039,954,107,797
51,MARNE,108,CHALONS-EN-CHAMPAGNE,29413,23082,22728,447,285,460,224,1048,5670,6833,3794,429,3538
51,MARNE,230,EPERNAY,18072,14527,14268,282,131,246,133,562,3352,3868,3317,186,2191
51,MARNE,454,REIMS,99453,77937,76952,1666,851,1624,928,3204,19072,20483,14065,1271,13788
51,MARNE,649,VITRY-LE-FRANCOIS,9907,7898,7774,201,80,137,94,271,2182,2119,1304,139,1247
52,HAUTE-MARNE,121,CHAUMONT,17649,13876,13629,333,216,316,191,627,4139,3679,1644,280,2204
52,HAUTE-MARNE,269,LANGRES,5859,4730,4636,92,84,105,79,177,1398,1267,437,89,908
52,HAUTE-MARNE,448,SAINT-DIZIER,20552,15813,15488,325,178,216,172,557,4198,4178,3138,252,2274
53,MAYENNE,130,LAVAL,32415,26913,26448,586,309,556,383,1316,8407,7989,1909,506,4487
53,MAYENNE,147,MAYENNE,8296,6966,6817,192,114,137,79,347,2067,2174,438,102,1167
54,MEURTHE-ET-MOSELLE,159,DOMBASLE-SUR-MEURTHE,6995,5631,5522,156,75,108,46,183,1500,1518,1238,86,612
54,MEURTHE-ET-MOSELLE,274,JARVILLE-LA-MALGRANGE,6337,4857,4772,120,72,106,54,212,1474,1349,695,104,586
54,MEURTHE-ET-MOSELLE,280,JOEUF,5834,4888,4837,105,33,42,32,104,1325,1093,1618,47,438
54,MEURTHE-ET-MOSELLE,304,LAXOU,9762,7160,7049,178,112,183,106,344,1943,2201,750,148,1084
54,MEURTHE-ET-MOSELLE,323,LONGWY,11773,8942,8835,137,97,145,100,276,2107,1975,2346,123,1529
54,MEURTHE-ET-MOSELLE,329,LUNEVILLE,14663,11504,11303,306,134,203,100,396,2684,3921,1798,167,1594
54,MEURTHE-ET-MOSELLE,382,MONT-SAINT-MARTIN,4640,3753,3698,62,31,72,47,106,911,793,1098,57,521
54,MEURTHE-ET-MOSELLE,395,NANCY,60759,44567,43930,924,740,1015,739,1860,10575,15745,3668,1004,7660
54,MEURTHE-ET-MOSELLE,431,PONT-A-MOUSSON,8937,7059,6950,161,105,90,82,256,1986,2272,965,107,926
54,MEURTHE-ET-MOSELLE,482,SAINT-MAX,7820,6168,6077,138,100,130,73,233,1760,1958,601,137,947
54,MEURTHE-ET-MOSELLE,528,TOUL,9388,7533,7395,161,114,134,86,293,2088,2489,702,125,1203
54,MEURTHE-ET-MOSELLE,547,VANDOEUVRE-LES-NANCY,19509,13883,13698,342,242,363,228,678,4457,3747,1448,279,1914
54,MEURTHE-ET-MOSELLE,578,VILLERS-LES-NANCY,9379,7768,7658,180,170,206,134,361,2254,2339,542,187,1285
54,MEURTHE-ET-MOSELLE,580,VILLERUPT,7066,6012,5942,112,31,69,44,139,1190,852,2951,37,517
55,MEUSE,29,BAR-LE-DUC,11928,9833,9655,241,144,160,137,397,3277,2712,1096,167,1324
55,MEUSE,545,VERDUN,12848,10297,10127,219,147,154,91,365,2826,3369,1002,175,1779
56,MORBIHAN,7,AURAY,6332,5216,5142,118,63,132,68,288,1317,1606,479,76,995
56,MORBIHAN,83,HENNEBONT,9668,8091,7980,199,54,161,119,309,2295,1961,1782,77,1023
56,MORBIHAN,98,LANESTER,14236,11970,11800,348,115,256,187,503,3559,2564,2829,117,1322
56,MORBIHAN,121,LORIENT,44200,34709,34298,672,413,737,595,1690,10096,9755,4491,490,5359
56,MORBIHAN,162,PLOEMEUR,7727,6564,6453,138,84,134,108,308,1896,2126,530,86,1043
56,MORBIHAN,178,PONTIVY,8650,7442,7353,179,79,119,133,361,1987,1894,1065,95,1441
56,MORBIHAN,260,VANNES,25329,20233,20004,415,280,505,311,1049,5710,6325,1060,422,3927
57,MOSELLE,58,BEHREN-LES-FORBACH,4629,3517,3449,92,26,26,27,73,1029,1064,703,46,363
57,MOSELLE,160,CREUTZWALD,8724,6693,6554,157,77,91,72,215,1979,2247,730,95,891
57,MOSELLE,206,FAMECK,7574,6109,5986,186,76,77,101,226,1682,1552,1334,69,683
57,MOSELLE,221,FLORANGE,6879,5708,5596,174,78,91,65,167,1503,1574,1060,110,774
57,MOSELLE,227,FORBACH,12992,9701,9548,198,153,141,86,342,2433,3333,813,155,1894
57,MOSELLE,240,FREYMING-MERLEBACH,10515,8233,8069,177,108,81,69,206,2474,2665,1089,96,1104
57,MOSELLE,283,HAGONDANGE,5335,4543,4481,123,55,63,38,163,1163,1171,1132,47,526
57,MOSELLE,306,HAYANGE,11347,8943,8807,244,105,111,89,274,2293,2137,2421,113,1020
57,MOSELLE,332,HOMBOURG-HAUT,5906,4576,4495,123,58,39,54,152,1411,1459,503,61,635
57,MOSELLE,433,MAIZIERES-LES-METZ,5667,4758,4668,179,52,69,34,152,1499,1134,830,95,624
57,MOSELLE,447,MARLY,5887,4858,4775,79,84,100,58,207,1434,1527,309,114,863
57,MOSELLE,463,METZ,66859,52493,51589,1067,850,923,680,2275,14841,17023,4062,1038,8830
57,MOSELLE,480,MONTIGNY-LES-METZ,15630,12644,12450,222,184,189,143,554,3810,4002,1067,289,1990
57,MOSELLE,491,MOYEUVRE-GRANDE,6095,5032,4941,148,54,44,36,115,1317,828,1945,47,407
57,MOSELLE,591,ROMBAS,6060,5139,5052,125,46,71,66,186,1607,1365,991,59,536
57,MOSELLE,606,SAINT-AVOLD,10814,8460,8328,206,158,126,93,324,2369,2634,862,116,1440
57,MOSELLE,630,SARREBOURG,8708,6618,6478,123,157,121,61,308,1411,2288,241,117,1651
57,MOSELLE,631,SARREGUEMINES,16360,12805,12486,272,220,192,201,529,3105,4727,936,216,2088
57,MOSELLE,660,STIRING-WENDEL,7643,5807,5731,105,91,39,32,104,1703,2166,664,55,772
57,MOSELLE,672,THIONVILLE,25226,20427,20125,400,316,326,227,943,5045,6592,2628,327,3321
57,MOSELLE,683,UCKANGE,4570,3720,3647,103,42,46,40,108,1154,871,837,52,394
57,MOSELLE,751,WOIPPY,6475,5092,5024,148,64,85,32,184,1714,1357,754,73,613
57,MOSELLE,757,YUTZ,10603,8573,8400,189,107,156,93,361,2268,2553,1438,105,1130
58,NIEVRE,86,COSNE-COURS-SUR-LOIRE,8700,6743,6631,193,83,157,58,226,2264,1757,842,108,943
58,NIEVRE,194,NEVERS,28881,22902,22616,387,246,430,179,668,8985,5478,2909,337,2997
58,NIEVRE,303,VARENNES-VAUZELLES,6434,5367,5318,101,39,111,29,162,2265,937,1141,61,472
59,NORD,8,ANICHE,6615,5553,5453,122,39,67,22,179,1198,1189,1914,96,627
59,NORD,9,VILLENEUVE-D'ASCQ,29897,25309,24912,554,294,435,475,1474,7927,6557,3263,489,3444
59,NORD,14,ANZIN,9301,7784,7638,185,58,77,36,193,1815,1764,2655,123,732
59,NORD,17,ARMENTIERES,16192,14103,13771,323,118,189,112,499,4317,3894,2390,249,1680
59,NORD,33,AULNOYE-AYMERIES,7039,6122,6011,127,48,78,53,204,1333,1067,2408,77,616
59,NORD,43,BAILLEUL,8137,7353,7222,221,46,97,48,225,1818,2665,742,124,1236
59,NORD,112,BRUAY-SUR-L'ESCAUT,8161,6720,6589,131,62,80,26,202,1243,1578,2583,76,608
59,NORD,122,CAMBRAI,24328,20436,20055,400,197,314,122,707,5441,5633,3171,434,3636
59,NORD,131,CAPPELLE-LA-GRANDE,5235,4520,4428,163,60,60,22,151,1491,973,1085,63,360
59,NORD,139,CAUDRY,9424,8225,8073,236,73,92,51,217,2402,1845,1938,93,1126
59,NORD,152,COMINES,7290,6234,6118,130,55,74,31,207,1361,1673,1589,108,890
59,NORD,153,CONDE-SUR-L'ESCAUT,7284,6161,6021,125,47,78,33,164,1535,1742,1443,81,773
59,NORD,155,COUDEKERQUE-BRANCHE,16256,13756,13485,403,99,188,70,456,4387,3667,2560,202,1453
59,NORD,163,CROIX,12993,11149,10972,223,114,148,137,436,3171,3573,1290,230,1650
59,NORD,172,DENAIN,13507,11119,10988,276,89,99,63,227,2426,2097,4328,190,1193
59,NORD,178,DOUAI,26057,21587,21257,372,267,298,165,739,4521,6244,4743,454,3454
59,NORD,179,DOUCHY-LES-MINES,6386,5512,5417,133,38,53,21,168,1412,784,2099,78,631
59,NORD,183,DUNKERQUE,47097,38651,38027,977,419,635,322,1718,9885,11748,5495,670,6158
59,NORD,205,ESCAUDAIN,6115,5268,5186,118,31,54,23,98,1057,821,2458,75,451
59,NORD,220,FACHES-THUMESNIL,12329,10341,10157,222,115,164,109,459,3022,2738,1597,240,1491
59,NORD,249,FOURMIES,10026,8630,8431,311,74,95,54,253,1970,1733,2429,148,1364
59,NORD,271,GRANDE-SYNTHE,12242,9954,9746,334,78,156,94,315,3303,2036,2374,154,902
59,NORD,273,GRAVELINES,6702,5775,5654,154,49,69,43,236,2363,1358,719,85,578
59,NORD,279,HALLUIN,10684,9408,9165,174,88,110,65,353,2026,2885,2070,183,1211
59,NORD,286,HAUBOURDIN,8994,7694,7535,201,76,108,41,274,1910,2153,1787,126,859
59,NORD,291,HAUTMONT,10614,8923,8760,190,64,123,65,249,1676,2079,3021,133,1160
59,NORD,295,HAZEBROUCK,13175,11648,11440,333,71,140,87,331,3357,3518,1604,168,1831
59,NORD,299,HEM,11770,10159,9943,189,129,177,103,465,3075,2843,1347,217,1398
59,NORD,324,JEUMONT,6878,5354,5269,136,47,71,30,179,1293,1388,1135,123,867
59,NORD,328,LAMBERSART,19405,16227,15957,344,259,298,170,778,3688,5591,1515,429,2885
59,NORD,350,LILLE,101602,78589,77232,1801,915,1327,918,3012,22144,23235,11423,1515,10942
59,NORD,355,LOMME,19651,15844,15512,309,124,205,71,500,5785,3894,2991,248,1385
59,NORD,360,LOOS,12510,10694,10483,251,105,153,79,371,3265,2791,2219,161,1088
59,NORD,367,LYS-LEZ-LANNOY,7558,6266,6136,128,61,102,66,298,1998,1781,877,129,696
59,NORD,368,LA MADELEINE,14486,11468,11277,247,133,200,126,460,2603,3844,1565,278,1821
59,NORD,378,MARCQ-EN-BAROEUL,24696,20121,19784,336,325,364,217,937,4165,6962,1822,545,4111
59,NORD,383,MARLY,8613,7287,7151,157,95,103,56,259,1616,1473,2379,124,889
59,NORD,392,MAUBEUGE,20632,16680,16405,368,160,251,140,510,4101,4159,3949,306,2461
59,NORD,400,MERVILLE,5803,5194,5079,169,65,57,37,167,1327,1569,907,94,687
59,NORD,410,MONS-EN-BAROEUL,15608,12882,12672,329,158,259,161,581,3517,3584,2147,257,1679
59,NORD,421,MOUVAUX,8708,7441,7324,115,114,128,55,297,1628,2641,657,192,1497
59,NORD,426,NEUVILLE-EN-FERRAIN,5972,5238,5151,95,57,113,48,291,1287,1680,518,158,904
59,NORD,447,ONNAING,5934,4949,4860,114,39,59,24,160,894,1101,1850,89,530
59,NORD,491,RAISMES,9844,8563,8404,205,67,89,38,241,1502,1882,3533,105,742
59,NORD,507,RONCHIN,11420,9404,9238,264,114,172,103,404,2911,2504,1342,185,1239
59,NORD,508,RONCQ,7631,6785,6644,120,67,93,51,287,1534,1755,1472,178,1087
59,NORD,512,ROUBAIX,50761,41683,40762,894,424,607,386,1476,12388,12904,5983,767,4933
59,NORD,526,SAINT-AMAND-LES-EAUX,11422,9732,9484,155,87,144,56,307,2085,2699,2525,199,1227
59,NORD,527,SAINT-ANDRE-LEZ-LILLE,7193,6232,6140,162,61,136,60,326,1556,1982,779,153,925
59,NORD,540,SAINT-POL-SUR-MER,14670,12241,11965,377,81,123,70,440,3996,2582,3156,133,1007
59,NORD,544,SAINT-SAULVE,6586,5469,5384,94,74,96,36,206,1097,1529,1205,117,930
59,NORD,560,SECLIN,8290,6981,6834,140,59,99,49,212,1490,1743,2063,114,865
59,NORD,569,SIN-LE-NOBLE,12093,10096,9882,206,74,119,39,263,2180,2402,3376,107,1116
59,NORD,574,SOMAIN,8949,7547,7409,171,49,82,27,212,1550,1428,3044,99,747
59,NORD,599,TOURCOING,56371,47672,46538,988,466,788,423,1875,12434,15433,6481,1021,6629
59,NORD,606,VALENCIENNES,27001,22099,21786,461,258,314,147,787,4147,6465,4698,424,4085
59,NORD,616,VIEUX-CONDE,7837,6232,6045,165,51,74,14,175,1178,1594,1895,61,838
59,NORD,646,WASQUEHAL,11304,9580,9432,179,113,151,106,442,2812,2978,1116,182,1353
59,NORD,648,WATTIGNIES,8449,7050,6926,205,95,99,77,350,2100,1831,1000,99,1070
59,NORD,650,WATTRELOS,28411,23321,22766,500,190,267,180,821,8415,6415,3616,370,1992
59,NORD,654,WAZIERS,5279,4682,4618,98,24,42,28,104,853,853,2216,42,358
60,OISE,57,BEAUVAIS,30839,25190,24747,764,321,567,263,982,6730,6711,3652,462,4295
60,OISE,141,CHANTILLY,6694,5502,5433,110,106,136,66,258,1232,1670,551,111,1193
60,OISE,159,COMPIEGNE,22360,17870,17634,379,246,376,247,798,4385,5339,2089,390,3385
60,OISE,175,CREIL,16989,12764,12551,307,158,246,109,505,3912,2864,2612,177,1661
60,OISE,176,CREPY-EN-VALOIS,7275,6286,6205,172,77,151,74,224,1578,1465,1591,68,805
60,OISE,282,GOUVIEUX,5194,4360,4274,90,101,107,48,189,963,1307,419,84,966
60,OISE,395,MERU,5818,4835,4743,130,60,113,108,165,1330,1031,956,63,787
60,OISE,414,MONTATAIRE,7036,5827,5738,167,56,89,32,158,1199,1040,2415,78,504
60,OISE,463,NOGENT-SUR-OISE,9382,7757,7640,208,95,198,68,297,2226,1840,1438,129,1141
60,OISE,471,NOYON,7455,6179,6095,162,92,159,54,238,1475,1690,1083,130,1012
60,OISE,509,PONT-SAINTE-MAXENCE,5471,4539,4471,134,59,80,32,169,1317,987,973,89,631
60,OISE,612,SENLIS,8387,6758,6667,137,134,214,58,361,1415,2187,599,139,1423
61,ORNE,1,ALENCON,19297,15146,14881,388,187,384,256,624,4436,4314,1410,246,2636
61,ORNE,6,ARGENTAN,11063,9119,8982,195,104,185,84,316,2601,2234,1660,133,1470
61,ORNE,169,FLERS,11881,9475,9329,285,143,226,108,412,2481,2753,987,172,1762
61,ORNE,214,L'AIGLE,5857,4779,4717,113,49,108,39,157,1400,1348,490,58,955
62,PAS-DE-CALAIS,14,AIRE-SUR-LA-LYS,6547,5803,5667,153,46,57,54,207,1816,1650,747,88,849
62,PAS-DE-CALAIS,40,ARQUES,5880,5223,5094,148,39,63,30,117,1701,1510,854,76,556
62,PAS-DE-CALAIS,41,ARRAS,27222,23461,23008,504,251,429,259,814,7374,6626,3115,361,3275
62,PAS-DE-CALAIS,48,AUCHEL,8748,7554,7403,165,48,61,34,135,1694,1733,2701,89,743
62,PAS-DE-CALAIS,65,AVION,13421,11205,10941,285,64,101,58,223,2257,2123,5005,107,718
62,PAS-DE-CALAIS,108,BERCK,9777,7859,7737,193,72,116,53,234,2165,2478,1136,73,1217
62,PAS-DE-CALAIS,119,BETHUNE,17072,14082,13764,266,112,150,79,437,3866,3861,2495,256,2242
62,PAS-DE-CALAIS,160,BOULOGNE-SUR-MER,30897,25138,24660,574,247,365,175,719,7163,6186,5157,429,3645
62,PAS-DE-CALAIS,178,BRUAY-LA-BUISSIERE,16617,13501,13186,323,107,110,64,298,4130,3298,3620,146,1090
62,PAS-DE-CALAIS,186,BULLY-LES-MINES,8606,7295,7135,169,57,90,44,194,2224,1671,2021,82,583
62,PAS-DE-CALAIS,193,CALAIS,52655,42283,41368,991,326,533,328,1246,9419,10438,12533,683,4871
62,PAS-DE-CALAIS,215,CARVIN,10315,8829,8640,179,63,84,32,192,1823,1996,3277,118,876
62,PAS-DE-CALAIS,250,COURRIERES,7808,6635,6463,174,41,84,38,212,1927,1412,1823,97,655
62,PAS-DE-CALAIS,318,ETAPLES,7133,6178,6004,185,46,75,24,128,1433,1918,1283,120,792
62,PAS-DE-CALAIS,413,HARNES,8818,7445,7220,200,72,61,37,207,1592,2026,2298,79,648
62,PAS-DE-CALAIS,427,HENIN-BEAUMONT,17668,15002,14683,321,108,195,67,393,4052,3723,4014,242,1568
62,PAS-DE-CALAIS,498,LENS,26495,22526,22040,512,179,270,159,620,7498,5491,4734,283,2294
62,PAS-DE-CALAIS,510,LIEVIN,21616,18218,17747,491,124,183,97,443,6282,3682,4867,201,1377
62,PAS-DE-CALAIS,516,LILLERS,6837,5965,5856,135,44,68,30,140,1338,1387,1938,74,702
62,PAS-DE-CALAIS,525,LONGUENESSE,7004,5972,5848,221,51,84,78,183,1993,1411,975,99,753
62,PAS-DE-CALAIS,570,MERICOURT,7996,6912,6780,182,39,62,47,186,1392,1606,2631,62,573
62,PAS-DE-CALAIS,587,MONTIGNY-EN-GOHELLE,6341,5457,5349,144,41,54,37,122,1136,1175,2128,54,458
62,PAS-DE-CALAIS,617,NOEUX-LES-MINES,9192,7836,7686,180,74,83,32,207,2126,2060,1944,129,851
62,PAS-DE-CALAIS,637,OIGNIES,6635,5682,5560,166,56,62,24,130,1287,1531,1545,106,653
62,PAS-DE-CALAIS,643,OUTREAU,9713,8201,8036,228,63,126,58,186,2875,1337,2392,99,672
62,PAS-DE-CALAIS,667,LE PORTEL,7136,5958,5873,104,27,86,30,130,1446,1567,1448,116,919
62,PAS-DE-CALAIS,724,ROUVROY,5830,5131,5029,92,37,54,15,102,871,1177,2200,48,433
62,PAS-DE-CALAIS,758,SAINT-MARTIN-BOULOGNE,7841,6554,6459,151,47,98,66,206,1790,1642,1470,93,896
62,PAS-DE-CALAIS,765,SAINT-OMER,10085,8330,8188,175,71,121,52,245,2073,2970,1030,152,1299
62,PAS-DE-CALAIS,771,SALLAUMINES,7842,6574,6443,183,37,57,35,143,1298,1523,2588,79,500
62,PAS-DE-CALAIS,907,LIBERCOURT,5291,4448,4356,116,32,37,28,131,1162,1183,1196,56,415
63,PUY-DE-DOME,75,CHAMALIERES,11786,10151,10032,162,180,295,115,423,2022,4438,531,132,1734
63,PUY-DE-DOME,113,CLERMONT-FERRAND,77943,63691,62948,1526,880,1531,849,2708,18006,19272,8673,685,8818
63,PUY-DE-DOME,124,COURNON-D'AUVERGNE,8749,7168,7059,205,104,201,88,311,2244,1880,986,88,952
63,PUY-DE-DOME,178,ISSOIRE,8161,6758,6666,185,95,155,76,311,1647,2270,896,59,972
63,PUY-DE-DOME,300,RIOM,10235,8713,8596,191,109,185,81,358,2527,2518,1338,119,1170
63,PUY-DE-DOME,430,THIERS,10345,8494,8325,227,84,154,83,346,2404,2324,1476,78,1149
64,PYRENEES-ATLANTIQUES,24,ANGLET,20538,16714,16527,311,242,378,164,731,4385,4925,1857,302,3232
64,PYRENEES-ATLANTIQUES,102,BAYONNE,26883,21176,20900,418,241,431,225,746,5584,6320,2835,427,3673
64,PYRENEES-ATLANTIQUES,122,BIARRITZ,20906,16554,16313,276,247,433,125,636,4016,5225,1486,374,3495
64,PYRENEES-ATLANTIQUES,129,BILLERE,8399,6571,6495,123,100,140,80,310,2182,1676,643,71,1170
64,PYRENEES-ATLANTIQUES,260,HENDAYE,6750,5229,5169,128,62,129,66,218,1586,1293,829,115,743
64,PYRENEES-ATLANTIQUES,410,MOURENX,5494,4160,4110,83,55,78,43,174,1475,818,796,32,556
64,PYRENEES-ATLANTIQUES,422,OLORON-SAINTE-MARIE,8277,6710,6624,111,54,89,57,226,1821,1573,1470,88,1135
64,PYRENEES-ATLANTIQUES,430,ORTHEZ,7718,6474,6357,134,86,147,79,307,2232,1721,674,99,878
64,PYRENEES-ATLANTIQUES,445,PAU,47375,38165,37789,605,545,730,453,1642,11938,10644,3007,522,7703
64,PYRENEES-ATLANTIQUES,483,SAINT-JEAN-DE-LUZ,8822,7343,7269,133,96,202,93,292,1639,2374,753,162,1525
65,HAUTES-PYRENEES,59,BAGNERES-DE-BIGORRE,6399,5097,5000,120,66,139,61,176,1205,1337,1174,72,650
65,HAUTES-PYRENEES,286,LOURDES,12341,10271,10103,170,139,183,70,323,2943,3284,833,183,1975
65,HAUTES-PYRENEES,440,TARBES,33755,24486,24128,400,314,475,221,812,6562,5565,5668,359,3752
66,PYRENEES-ORIENTALES,136,PERPIGNAN,70536,52289,51358,982,685,1053,468,2021,13188,15295,8469,745,8452
67,BAS-RHIN,43,BISCHHEIM,8673,6604,6500,108,76,118,62,299,1906,2355,757,100,719
67,BAS-RHIN,46,BISCHWILLER,5397,4259,4147,73,77,49,28,224,886,1947,144,73,646
67,BAS-RHIN,180,HAGUENAU,16325,13541,13288,191,240,215,118,667,2613,6462,419,232,2131
67,BAS-RHIN,204,HOENHEIM,5865,4809,4728,73,95,96,65,279,1367,1627,305,85,736
67,BAS-RHIN,218,ILLKIRCH-GRAFFENSTADEN,13163,10302,10136,142,193,260,137,583,2682,3552,601,183,1803
67,BAS-RHIN,267,LINGOLSHEIM,9459,7493,7354,106,143,162,86,424,2057,2713,393,137,1133
67,BAS-RHIN,365,OSTWALD,6313,4845,4763,84,65,111,35,223,1459,1711,307,67,701
67,BAS-RHIN,437,SAVERNE,6810,5306,5208,100,97,87,42,348,1000,2463,207,120,744
67,BAS-RHIN,447,SCHILTIGHEIM,18791,13849,13611,207,188,216,146,580,4144,5143,1153,210,1624
67,BAS-RHIN,462,SELESTAT,10083,8166,7939,146,145,125,92,382,2005,3236,435,155,1218
67,BAS-RHIN,482,STRASBOURG,128247,98764,97495,1421,1756,2052,1674,4984,25620,37477,4827,1944,15740
68,HAUT-RHIN,63,CERNAY,5563,4523,4415,122,66,80,46,217,1232,1442,323,76,811
68,HAUT-RHIN,66,COLMAR,34912,28269,27632,540,512,557,271,1413,6378,11713,1482,602,4164
68,HAUT-RHIN,112,GUEBWILLER,6016,4793,4685,125,64,100,55,253,1237,1622,286,102,841
68,HAUT-RHIN,154,ILLZACH,8283,6475,6330,131,112,149,87,346,1942,1935,479,120,1029
68,HAUT-RHIN,166,KINGERSHEIM,5404,4349,4271,96,67,83,41,199,1339,1126,351,73,896
68,HAUT-RHIN,224,MULHOUSE,65437,47807,46635,1071,821,916,581,2442,11538,16844,3528,1006,7888
68,HAUT-RHIN,271,RIEDISHEIM,8356,6631,6490,139,144,157,115,403,1470,2303,288,170,1301
68,HAUT-RHIN,278,RIXHEIM,6444,5071,4959,115,112,111,77,312,1207,1619,288,112,1006
68,HAUT-RHIN,297,SAINT-LOUIS,10271,7654,7461,151,140,135,100,454,1613,2863,321,156,1528
68,HAUT-RHIN,375,WITTELSHEIM,6760,5510,5398,195,56,73,49,246,1854,1458,737,66,664
68,HAUT-RHIN,376,WITTENHEIM,7984,6379,6239,179,71,90,67,241,2130,1602,834,86,939
69,RHONE,27,BRIGNAIS,4567,3833,3783,109,58,113,79,186,1038,1019,441,60,680
69,RHONE,29,BRON,22706,17681,17418,349,277,422,371,950,5045,4356,2469,271,2908
69,RHONE,34,CALUIRE-ET-CUIRE,25469,20671,20393,322,386,586,422,1197,4844,6361,1730,447,4098
69,RHONE,81,ECULLY,10550,8633,8543,119,195,229,139,460,1877,2763,535,213,2013
69,RHONE,89,FRANCHEVILLE,5585,4534,4479,77,89,120,117,231,1214,1287,390,101,853
69,RHONE,91,GIVORS,11752,9060,8934,202,68,168,141,329,2149,1627,3294,105,851
69,RHONE,123,LYON,255222,193331,190983,3429,3079,4486,3709,8930,46693,60404,20411,3829,36013
69,RHONE,149,OULLINS,17122,13224,13070,289,141,360,297,631,3821,3075,2333,233,1890
69,RHONE,152,PIERRE-BENITE,5030,4110,4044,101,52,66,59,148,1034,772,1233,47,532
69,RHONE,199,SAINT-FONS,8246,6365,6270,120,62,135,77,238,2181,1089,1691,65,612
69,RHONE,202,SAINTE-FOY-LES-LYON,13852,11079,10953,184,227,262,258,648,2620,3394,786,271,2303
69,RHONE,204,SAINT-GENIS-LAVAL,8366,6879,6786,127,105,165,214,313,1763,1822,803,151,1323
69,RHONE,243,TARARE,7265,5446,5335,175,71,142,69,221,1454,1602,493,120,988
69,RHONE,244,TASSIN-LA-DEMI-LUNE,9325,7652,7560,121,154,207,133,392,1661,2464,495,170,1763
69,RHONE,256,VAULX-EN-VELIN,19159,13865,13640,313,101,249,195,538,4114,2433,4139,161,1397
69,RHONE,259,VENISSIEUX,34285,26376,25924,604,255,467,344,1032,7423,4593,8373,269,2564
69,RHONE,264,VILLEFRANCHE-SUR-SAONE,16520,12936,12711,247,150,291,231,586,3412,3895,1625,229,2045
69,RHONE,266,VILLEURBANNE,62341,49289,48583,929,669,1140,953,2372,15336,11713,7600,714,7157
69,RHONE,275,DECINES-CHARPIEU,11202,9047,8926,195,104,160,125,407,3012,1884,1584,121,1334
69,RHONE,282,MEYZIEU,13280,10893,10743,248,153,247,164,492,3673,2401,1692,147,1526
69,RHONE,286,RILLIEUX-LA-PAPE,16271,12077,11891,239,163,357,209,545,3616,3127,1430,189,2016
69,RHONE,290,SAINT-PRIEST,20294,16544,16278,361,194,378,225,774,5321,3603,3066,182,2174
70,HAUTE-SAONE,285,HERICOURT,5434,4420,4351,126,58,90,59,165,1536,819,813,59,626
70,HAUTE-SAONE,310,LURE,5025,4075,3986,98,63,141,28,162,1140,1041,530,66,717
70,HAUTE-SAONE,311,LUXEUIL-LES-BAINS,5345,4264,4160,99,60,259,47,152,1173,1099,423,58,790
70,HAUTE-SAONE,550,VESOUL,9532,7619,7486,179,115,177,107,315,2295,2207,690,144,1257
71,SAONE-ET-LOIRE,14,AUTUN,12406,10176,10010,223,104,198,76,348,3141,3295,1160,155,1310
71,SAONE-ET-LOIRE,76,CHALON-SUR-SAONE,31814,25033,24660,440,303,566,250,992,7652,6155,4297,383,3622
71,SAONE-ET-LOIRE,153,LE CREUSOT,20626,16724,16400,262,192,257,117,588,5381,4389,2664,229,2321
71,SAONE-ET-LOIRE,176,DIGOIN,6083,4964,4894,104,47,89,34,116,1275,1255,1110,74,790
71,SAONE-ET-LOIRE,230,GUEUGNON,6562,5278,5206,158,51,140,44,145,1755,956,1106,75,776
71,SAONE-ET-LOIRE,270,MACON,21793,15939,15662,313,223,422,263,747,4611,4408,1855,274,2546
71,SAONE-ET-LOIRE,306,MONTCEAU-LES-MINES,18545,14203,13997,246,112,284,87,439,3865,3653,2657,180,2474
71,SAONE-ET-LOIRE,342,PARAY-LE-MONIAL,7278,5937,5840,110,69,152,44,219,1564,1811,885,134,852
71,SAONE-ET-LOIRE,486,SAINT-VALLIER,6915,5514,5446,108,35,114,47,172,1403,1293,1464,69,741
72,SARTHE,3,ALLONNES,9171,7517,7352,198,53,162,73,239,2159,1479,2152,70,767
72,SARTHE,132,LA FERTE-BERNARD,6262,5042,4947,156,65,120,38,198,1412,1485,611,85,777
72,SARTHE,154,LA FLECHE,9411,7942,7784,203,106,197,82,299,1938,2886,631,109,1333
72,SARTHE,181,LE MANS,98185,79278,78050,1811,811,2156,1031,3077,21159,21684,13705,1463,11153
72,SARTHE,264,SABLE-SUR-SARTHE,7602,6386,6257,144,63,121,67,228,1398,2391,536,102,1207
73,SAVOIE,8,AIX-LES-BAINS,14762,11990,11810,220,166,266,127,633,2824,3902,989,216,2467
73,SAVOIE,11,ALBERTVILLE,9917,7611,7502,174,90,136,107,363,1690,1875,1229,134,1704
73,SAVOIE,65,CHAMBERY,29515,23219,22889,361,350,547,359,1169,6108,6681,2589,478,4247
73,SAVOIE,248,SAINT-JEAN-DE-MAURIENNE,4909,3898,3848,103,54,88,73,195,1070,972,499,67,727
74,HAUTE-SAVOIE,10,ANNECY,29477,22284,21989,358,375,547,372,1236,5780,6652,1898,523,4248
74,HAUTE-SAVOIE,11,ANNECY-LE-VIEUX,8337,6635,6537,113,137,176,110,466,1689,1893,453,164,1336
74,HAUTE-SAVOIE,12,ANNEMASSE,12554,9799,9668,169,163,276,108,467,2385,2892,1046,212,1950
74,HAUTE-SAVOIE,81,CLUSES,7259,5762,5667,123,121,157,60,254,1397,1293,716,116,1430
74,HAUTE-SAVOIE,93,CRAN-GEVRIER,6362,5155,5091,114,63,115,83,294,1783,1221,563,103,752
74,HAUTE-SAVOIE,133,GAILLARD,4994,3664,3612,94,57,66,48,231,800,1258,288,76,694
74,HAUTE-SAVOIE,256,SALLANCHES,5694,4252,4180,82,98,70,61,229,814,1412,333,136,945
74,HAUTE-SAVOIE,268,SEYNOD,5524,4493,4429,110,65,116,78,289,1403,1004,416,121,827
74,HAUTE-SAVOIE,281,THONON-LES-BAINS,16791,13385,13138,281,256,296,176,752,3352,4173,1040,310,2502
75,PARIS,100,PARIS,1272577,986384,975270,16871,17308,20708,17527,39696,239812,253252,89357,17639,263100
76,SEINE-MARITIME,57,BARENTIN,7482,6348,6250,186,67,103,40,203,2076,1487,1431,84,573
76,SEINE-MARITIME,95,BIHOREL,6884,5676,5592,127,91,156,85,298,1539,1670,523,113,990
76,SEINE-MARITIME,108,BOIS-GUILLAUME,7048,5873,5793,92,130,157,94,300,1170,1951,322,123,1454
76,SEINE-MARITIME,114,BOLBEC,8352,7046,6930,222,58,128,48,181,1935,1869,1723,89,677
76,SEINE-MARITIME,157,CANTELEU,9288,7436,7300,206,77,166,121,292,2294,1510,1767,95,772
76,SEINE-MARITIME,212,DARNETAL,6614,5216,5103,125,39,87,35,123,1324,1434,1334,62,540
76,SEINE-MARITIME,216,DEVILLE-LES-ROUEN,7707,6215,6088,156,49,138,61,197,1871,1541,1306,100,669
76,SEINE-MARITIME,217,DIEPPE,26098,21817,21477,553,188,428,175,789,5010,5849,5132,259,3094
76,SEINE-MARITIME,231,ELBEUF,9764,7791,7652,263,68,155,56,287,2203,2102,1456,100,962
76,SEINE-MARITIME,259,FECAMP,14564,11812,11617,425,126,295,107,415,3050,3574,2112,195,1318
76,SEINE-MARITIME,305,GONFREVILLE-L'ORCHER,6404,5580,5498,150,28,72,31,174,1127,752,2812,54,298
76,SEINE-MARITIME,319,GRAND-COURONNE,6067,5161,5042,124,50,87,51,196,1491,1035,1435,57,516
76,SEINE-MARITIME,322,LE GRAND-QUEVILLY,20279,17243,16918,505,144,325,161,564,7160,3328,3317,172,1242
76,SEINE-MARITIME,341,HARFLEUR,5803,5059,4978,167,42,97,39,186,1308,982,1693,50,414
76,SEINE-MARITIME,351,LE HAVRE,131735,106938,105159,2906,1104,2261,1069,4163,25482,26360,27893,1611,12310
76,SEINE-MARITIME,384,LILLEBONNE,6354,5161,5087,162,42,94,57,212,1571,1440,873,86,550
76,SEINE-MARITIME,410,MAROMME,8055,6591,6467,166,67,123,70,224,1915,1614,1503,77,708
76,SEINE-MARITIME,447,MONTIVILLIERS,8547,7211,7090,187,81,161,64,329,2175,1691,1381,96,925
76,SEINE-MARITIME,451,MONT-SAINT-AIGNAN,11790,9566,9431,151,169,226,236,547,2227,3182,587,214,1892
76,SEINE-MARITIME,484,OISSEL,7240,6218,6135,172,56,128,42,191,1558,1390,1914,71,613
76,SEINE-MARITIME,498,LE PETIT-QUEVILLY,13779,11173,10984,362,81,201,83,353,3116,2460,3239,127,962
76,SEINE-MARITIME,540,ROUEN,64699,52008,51250,1263,692,1065,943,2162,13370,16413,6664,908,7770
76,SEINE-MARITIME,561,SAINT-AUBIN-LES-ELBEUF,5656,4781,4700,155,49,112,33,209,1383,1339,805,73,542
76,SEINE-MARITIME,575,SAINT-ETIENNE-DU-ROUVRAY,19599,16162,15935,489,133,344,189,538,4698,2944,5125,184,1291
76,SEINE-MARITIME,681,SOTTEVILLE-LES-ROUEN,21240,16966,16731,455,159,370,176,615,5357,4198,3553,226,1622
76,SEINE-MARITIME,758,YVETOT,7149,5986,5893,143,59,106,38,186,1821,2029,694,79,738
77,SEINE-ET-MARNE,14,AVON,8796,6747,6660,141,167,207,106,395,1677,1926,562,146,1333
77,SEINE-ET-MARNE,53,BRIE-COMTE-ROBERT,5436,4475,4412,81,85,127,49,184,1175,1096,582,76,957
77,SEINE-ET-MARNE,83,CHAMPS-SUR-MARNE,6956,5874,5802,158,86,166,87,362,1630,1166,1005,95,1047
77,SEINE-ET-MARNE,108,CHELLES,26454,20447,20132,450,274,574,272,1018,5297,4317,3891,300,3739
77,SEINE-ET-MARNE,122,COMBS-LA-VILLE,8311,6732,6658,157,113,179,119,358,1979,1452,819,133,1349
77,SEINE-ET-MARNE,131,COULOMMIERS,7468,5715,5624,147,76,169,58,259,1351,1704,799,98,963
77,SEINE-ET-MARNE,152,DAMMARIE-LES-LYS,10695,8340,8231,158,121,224,93,351,2264,1788,1828,127,1277
77,SEINE-ET-MARNE,186,FONTAINEBLEAU,10904,8409,8282,121,156,207,92,422,1650,2971,527,185,1951
77,SEINE-ET-MARNE,243,LAGNY-SUR-MARNE,9870,7888,7794,170,106,192,83,419,1955,2067,1075,175,1552
77,SEINE-ET-MARNE,284,MEAUX,22501,17012,16735,393,225,407,155,709,4609,4747,2418,286,2786
77,SEINE-ET-MARNE,285,LE MEE-SUR-SEINE,7251,5686,5602,113,79,196,75,327,1621,1380,695,115,1001
77,SEINE-ET-MARNE,288,MELUN,19985,15122,14886,324,212,390,217,710,4001,4138,1760,291,2843
77,SEINE-ET-MARNE,294,MITRY-MORY,9459,7329,7218,202,73,169,85,386,1622,1328,2185,98,1070
77,SEINE-ET-MARNE,305,MONTEREAU-FAULT-YONNE,10282,8167,7996,203,88,175,64,254,1870,2107,1902,127,1206
77,SEINE-ET-MARNE,333,NEMOURS,6041,4877,4785,103,45,123,45,191,1230,1190,798,74,986
77,SEINE-ET-MARNE,337,NOISIEL,4444,3695,3645,97,48,101,53,221,1165,650,676,45,589
77,SEINE-ET-MARNE,350,OZOIR-LA-FERRIERE,7169,5682,5581,125,88,159,71,293,1543,1270,806,100,1126
77,SEINE-ET-MARNE,373,PONTAULT-COMBAULT,10660,8672,8514,177,138,247,112,463,2371,1881,1398,151,1576
77,SEINE-ET-MARNE,379,PROVINS,7233,5675,5579,131,87,111,47,243,1259,1640,926,84,1051
77,SEINE-ET-MARNE,390,ROISSY-EN-BRIE,7623,6115,5996,169,92,204,80,385,1943,1162,948,95,918
77,SEINE-ET-MARNE,407,SAINT-FARGEAU-PONTHIERRY,5858,4653,4588,92,101,120,57,233,1076,1302,549,81,977
77,SEINE-ET-MARNE,445,SAVIGNY-LE-TEMPLE,4824,4048,3991,92,67,117,73,204,1456,693,654,49,586
77,SEINE-ET-MARNE,468,TORCY,5248,4189,4123,104,61,105,52,230,1273,860,760,66,612
77,SEINE-ET-MARNE,479,VAIRES-SUR-MARNE,7372,5978,5896,145,103,183,79,341,1539,1424,885,84,1113
77,SEINE-ET-MARNE,514,VILLEPARISIS,9445,7509,7378,180,100,183,62,367,1761,1484,2059,85,1097
78,YVELINES,5,ACHERES,8108,6528,6428,157,77,154,85,321,1716,1289,1663,82,884
78,YVELINES,15,ANDRESY,6902,5653,5551,109,117,177,73,360,1545,1394,540,97,1139
78,YVELINES,29,AUBERGENVILLE,5653,4442,4370,103,64,147,45,202,1382,912,656,62,797
78,YVELINES,73,BOIS-D'ARCY,7020,5848,5775,109,109,218,91,351,1579,1424,757,86,1051
78,YVELINES,123,CARRIERES-SOUS-POISSY,4043,3225,3180,83,48,88,37,106,865,778,587,48,540
78,YVELINES,124,CARRIERES-SUR-SEINE,6400,5169,5115,147,88,148,96,265,1285,1330,815,104,837
78,YVELINES,126,LA CELLE-SAINT-CLOUD,14748,11817,11685,211,298,370,226,670,2635,3233,914,245,2883
78,YVELINES,138,CHANTELOUP-LES-VIGNES,3447,2755,2714,80,55,87,26,118,726,644,456,61,461
78,YVELINES,146,CHATOU,18970,14670,14485,252,352,472,178,823,3337,4108,1285,309,3369
78,YVELINES,158,LE CHESNAY,16711,13458,13327,176,312,373,215,635,2727,4204,800,308,3577
78,YVELINES,165,LES CLAYES-SOUS-BOIS,10264,8336,8231,214,117,237,114,426,2467,1754,1519,135,1248
78,YVELINES,172,CONFLANS-SAINTE-HONORINE,19470,15538,15256,396,227,434,214,773,4674,3720,2321,200,2297
78,YVELINES,208,ELANCOURT,9715,8187,8070,171,198,324,164,466,2459,1824,815,135,1514
78,YVELINES,242,FONTENAY-LE-FLEURY,7829,6163,6089,100,137,175,116,323,1589,1492,804,120,1233
78,YVELINES,297,GUYANCOURT,4577,3898,3837,96,65,117,44,227,1100,833,641,78,636
78,YVELINES,311,HOUILLES,18282,14964,14724,366,235,440,219,753,3511,3719,2753,267,2461
78,YVELINES,335,LIMAY,5660,4726,4637,151,73,129,40,234,1218,1015,1083,62,632
78,YVELINES,358,MAISONS-LAFFITTE,15051,12040,11909,163,280,341,181,630,2281,3950,677,286,3120
78,YVELINES,361,MANTES-LA-JOLIE,19809,15196,14730,325,179,416,165,601,3828,3884,2691,215,2426
78,YVELINES,362,MANTES-LA-VILLE,10768,8807,8662,233,113,241,56,386,2606,1800,1974,122,1131
78,YVELINES,372,MARLY-LE-ROI,11352,9224,9126,149,221,382,195,570,2234,2531,515,186,2143
78,YVELINES,383,MAUREPAS,10839,9090,8960,171,165,290,228,574,2654,2099,972,203,1604
78,YVELINES,418,MONTESSON,5925,5035,4971,131,100,251,58,249,1210,1313,660,80,919
78,YVELINES,423,MONTIGNY-LE-BRETONNEUX,4403,3903,3850,89,67,132,93,253,1258,835,440,42,641
78,YVELINES,440,LES MUREAUX,13790,11227,11011,366,158,355,115,426,3390,2289,2243,140,1529
78,YVELINES,481,LE PECQ,11147,8967,8868,176,200,312,152,487,2213,2477,670,209,1972
78,YVELINES,490,PLAISIR,11376,9074,8954,214,198,291,156,545,2660,2101,1113,143,1533
78,YVELINES,498,POISSY,21547,16945,16454,373,282,463,215,739,4534,3860,2722,246,3020
78,YVELINES,517,RAMBOUILLET,13409,10874,10702,212,200,355,147,560,2743,3085,1345,224,1831
78,YVELINES,545,SAINT-CYR-L'ECOLE,10109,8032,7920,187,108,256,124,378,1868,1746,1819,135,1299
78,YVELINES,551,SAINT-GERMAIN-EN-LAYE,24402,19545,19348,285,484,520,335,1093,4100,6139,1321,499,4572
78,YVELINES,586,SARTROUVILLE,25507,20253,19990,425,351,568,285,980,4939,4715,4299,309,3119
78,YVELINES,621,TRAPPES,13622,11359,11188,271,121,262,143,445,2768,1967,3925,167,1119
78,YVELINES,640,VELIZY-VILLACOUBLAY,15007,12659,12502,267,254,366,174,665,3141,2668,1303,220,3444
78,YVELINES,642,VERNEUIL-SUR-SEINE,7302,5970,5879,155,101,217,82,305,1737,1315,774,83,1110
78,YVELINES,646,VERSAILLES,60127,48215,47684,676,1106,1282,744,2075,9050,16154,3400,1321,11876
78,YVELINES,650,LE VESINET,11818,9788,9680,101,269,237,126,498,1428,3546,264,249,2962
78,YVELINES,686,VIROFLAY,10839,8627,8526,156,180,272,159,528,1998,2528,672,225,1808
79,DEUX-SEVRES,49,BRESSUIRE,12013,10523,10294,225,159,357,137,406,2475,3540,573,229,2193
79,DEUX-SEVRES,191,NIORT,38249,31081,30617,617,479,1706,310,1096,9459,8958,3247,477,4268
79,DEUX-SEVRES,202,PARTHENAY,8237,6791,6617,117,98,281,59,234,1926,2092,567,115,1128
79,DEUX-SEVRES,329,THOUARS,8204,6720,6600,142,119,284,54,215,2159,1714,873,100,940
80,SOMME,1,ABBEVILLE,16751,14471,14146,369,115,228,88,461,3485,3946,3160,213,2081
80,SOMME,16,ALBERT,7786,6623,6508,206,56,109,62,237,1632,1727,1514,102,863
80,SOMME,21,AMIENS,81547,66871,65819,1664,655,1138,835,2628,15568,18617,14376,1026,9312
80,SOMME,620,PERONNE,5388,4599,4521,137,45,74,29,168,1188,1200,814,83,783
81,TARN,4,ALBI,30999,25720,25217,575,329,590,252,1057,7025,6626,3726,401,4636
81,TARN,60,CARMAUX,9684,7960,7793,191,73,154,82,266,2719,1477,1908,73,850
81,TARN,65,CASTRES,30116,25582,24953,561,330,620,244,1018,7654,6314,2945,405,4862
81,TARN,99,GAILLAC,7452,6243,6103,167,96,155,70,213,1827,1790,664,73,1048
81,TARN,105,GRAULHET,8670,7527,7317,195,79,143,72,212,2145,1643,1269,73,1486
81,TARN,163,MAZAMET,9474,8256,8083,159,149,385,52,298,1982,2231,755,161,1911
82,TARN-ET-GARONNE,33,CASTELSARRASIN,8025,6470,6346,157,91,368,38,239,1756,1501,1220,82,894
82,TARN-ET-GARONNE,112,MOISSAC,8443,6710,6534,181,70,365,73,294,1683,1676,917,80,1195
82,TARN-ET-GARONNE,121,MONTAUBAN,31292,26728,26156,549,325,1317,305,1019,7661,6390,2951,391,5248
83,VAR,23,BRIGNOLES,6454,5266,5155,77,41,82,39,187,1025,1746,1011,56,891
83,VAR,50,DRAGUIGNAN,16250,13369,13121,252,208,257,134,562,3891,4041,1554,180,2042
83,VAR,61,FREJUS,19153,14846,14610,212,193,296,62,486,3344,5522,1538,191,2766
83,VAR,62,LA GARDE,11932,9640,9482,112,156,195,77,413,2147,2801,1958,133,1490
83,VAR,69,HYERES,27734,22388,21988,343,332,344,128,893,5015,7152,2687,286,4808
83,VAR,90,OLLIOULES,6029,4959,4890,68,75,99,30,184,1106,1362,1006,63,897
83,VAR,118,SAINT-RAPHAEL,18211,14473,14272,177,218,279,94,462,3068,5241,1345,176,3212
83,VAR,123,SANARY-SUR-MER,8850,7005,6925,102,104,117,38,196,1390,2558,835,99,1486
83,VAR,126,LA SEYNE-SUR-MER,35810,29107,28689,444,364,453,184,986,5745,7644,9090,300,3479
83,VAR,129,SIX-FOURS-LES-PLAGES,17610,13914,13709,218,221,275,89,550,3072,4603,2098,163,2420
83,VAR,137,TOULON,117194,92452,91328,1214,1467,1588,558,3253,20446,29421,16433,1321,15627
83,VAR,144,LA VALETTE-DU-VAR,11542,9228,9098,122,156,192,66,355,2200,2838,1560,132,1477
84,VAUCLUSE,3,APT,7411,5681,5545,109,108,103,59,242,1283,1740,820,84,997
84,VAUCLUSE,7,AVIGNON,55821,45392,44539,854,629,883,462,2068,12259,12184,7464,642,7094
84,VAUCLUSE,19,BOLLENE,7919,6187,6085,157,93,96,44,237,1588,1449,1567,93,761
84,VAUCLUSE,31,CARPENTRAS,16234,12738,12426,202,166,210,92,468,2965,4321,1796,197,2009
84,VAUCLUSE,35,CAVAILLON,13122,10819,10579,232,157,162,67,371,2795,2872,1867,138,1918
84,VAUCLUSE,54,L'ISLE-SUR-LA-SORGUE,8061,6630,6488,115,108,100,62,284,1648,1518,1307,74,1272
84,VAUCLUSE,87,ORANGE,16445,13064,12736,232,223,291,89,488,2738,4247,1835,207,2386
84,VAUCLUSE,89,PERTUIS,7461,6280,6157,125,97,150,61,247,1646,1457,1311,93,970
84,VAUCLUSE,92,LE PONTET,7362,6017,5907,103,101,109,52,279,1590,1631,1086,93,863
84,VAUCLUSE,129,SORGUES,9613,7745,7578,181,97,119,47,259,1579,1716,2469,103,1008
85,VENDEE,47,CHALLANS,8743,7341,7176,163,117,241,65,312,1833,2003,495,121,1826
85,VENDEE,92,FONTENAY-LE-COMTE,9047,7714,7615,133,95,467,73,275,2063,2453,635,164,1257
85,VENDEE,109,LES HERBIERS,7659,6616,6520,123,98,212,101,293,940,2910,215,186,1442
85,VENDEE,128,LUCON,6039,5013,4948,98,55,372,35,142,1293,1614,418,73,848
85,VENDEE,191,LA ROCHE-SUR-YON,27433,23101,22759,511,329,1177,476,1051,6728,6363,1931,367,3826
85,VENDEE,194,LES SABLES-D'OLONNE,13009,10259,10138,201,150,543,68,362,2228,3200,1034,145,2207
86,VIENNE,66,CHATELLERAULT,24231,19893,19506,365,307,730,214,722,5509,4939,3200,291,3229
86,VIENNE,194,POITIERS,45395,36170,35614,573,687,1648,637,1658,10558,9146,4048,558,6101
87,HAUTE-VIENNE,85,LIMOGES,89197,75301,73833,1422,898,1743,698,2434,21268,13353,14168,912,16937
87,HAUTE-VIENNE,154,SAINT-JUNIEN,8897,7670,7515,156,64,144,46,189,1224,1075,2814,78,1725
88,VOSGES,160,EPINAL,24208,19304,18974,439,245,346,195,770,5449,5685,1625,364,3856
88,VOSGES,196,GERARDMER,6369,5334,5236,188,77,115,71,227,1404,1295,811,99,949
88,VOSGES,383,REMIREMONT,6278,5211,5069,182,83,98,60,215,1283,1492,436,125,1095
88,VOSGES,413,SAINT-DIE,15710,12551,12287,253,159,212,170,394,3721,3515,1574,221,2068
89,YONNE,24,AUXERRE,22756,18496,18149,373,259,462,232,796,5420,5571,1954,351,2731
89,YONNE,206,JOIGNY,6461,4954,4851,99,78,123,48,182,1218,1547,506,82,968
89,YONNE,387,SENS,16091,12745,12471,270,192,314,142,537,2794,3667,1923,257,2375
90,TERRITOIRE DE BELFORT,10,BELFORT,29132,23115,22694,634,307,485,378,927,7346,5719,2939,421,3538
91,ESSONNE,27,ATHIS-MONS,18073,13977,13770,327,194,359,179,667,3702,3025,2627,214,2476
91,ESSONNE,103,BRETIGNY-SUR-ORGE,11618,9640,9504,220,143,313,156,547,2479,1969,1920,174,1583
91,ESSONNE,114,BRUNOY,14742,12002,11845,246,198,397,149,744,3001,3114,1385,229,2382
91,ESSONNE,161,CHILLY-MAZARIN,10096,8081,7984,158,153,247,128,421,2297,1723,966,119,1772
91,ESSONNE,174,CORBEIL-ESSONNES,21154,16983,16714,398,202,447,174,682,3971,3741,4444,250,2405
91,ESSONNE,201,DRAVEIL,16407,13076,12916,325,218,349,223,657,3391,3121,2332,264,2036
91,ESSONNE,215,EPINAY-SOUS-SENART,7050,5597,5494,132,76,123,70,329,1618,1219,991,62,874
91,ESSONNE,223,ETAMPES,11536,9330,9181,199,121,221,114,394,1985,2422,1999,135,1591
91,ESSONNE,228,EVRY,12911,10506,10368,237,189,292,224,597,3398,2223,1198,174,1836
91,ESSONNE,272,GIF-SUR-YVETTE,9915,8179,8056,142,204,327,187,500,2221,1946,680,179,1670
91,ESSONNE,286,GRIGNY,11957,9404,9221,212,135,211,129,473,2445,1844,2131,134,1507
91,ESSONNE,312,IGNY,6379,5405,5325,138,100,162,82,303,1322,1179,1122,90,827
91,ESSONNE,326,JUVISY-SUR-ORGE,8440,6984,6905,165,116,225,96,331,1879,1690,936,135,1332
91,ESSONNE,345,LONGJUMEAU,9807,8213,8061,225,145,202,121,463,2312,1888,1259,129,1317
91,ESSONNE,377,MASSY,24150,18949,18664,430,305,523,431,999,6076,3519,3180,301,2900
91,ESSONNE,386,MENNECY,6312,5250,5179,101,146,154,82,284,1262,1413,484,82,1171
91,ESSONNE,421,MONTGERON,14875,12234,12030,233,191,326,164,633,3307,3083,1450,263,2380
91,ESSONNE,432,MORANGIS,6165,5123,5042,111,90,151,54,265,1316,1193,881,95,886
91,ESSONNE,434,MORSANG-SUR-ORGE,12011,9924,9748,234,120,270,126,571,2350,1896,2527,177,1477
91,ESSONNE,471,ORSAY,9592,7838,7734,198,150,245,217,550,2138,1845,852,161,1378
91,ESSONNE,477,PALAISEAU,19022,15563,15349,363,260,462,364,917,4189,3068,2802,263,2661
91,ESSONNE,521,RIS-ORANGIS,16267,12883,12689,274,194,359,167,677,3634,2869,2050,213,2252
91,ESSONNE,549,SAINTE-GENEVIEVE-DES-BOIS,18776,15126,14909,326,204,409,247,783,3787,3350,3066,221,2516
91,ESSONNE,570,SAINT-MICHEL-SUR-ORGE,12434,9995,9838,236,174,242,171,595,2890,2117,1400,173,1840
91,ESSONNE,589,SAVIGNY-SUR-ORGE,21718,17702,17448,370,244,466,232,898,4584,4093,3305,296,2960
91,ESSONNE,645,VERRIERES-LE-BUISSON,8563,7127,7014,139,175,237,167,441,1777,1757,682,204,1435
91,ESSONNE,657,VIGNEUX-SUR-SEINE,14985,12225,12030,322,146,285,128,511,3073,2367,3290,187,1721
91,ESSONNE,687,VIRY-CHATILLON,18054,14361,14152,353,226,381,173,758,3639,3280,2355,292,2695
91,ESSONNE,691,YERRES,16401,13434,13196,307,262,422,230,853,3741,2918,1876,235,2352
91,ESSONNE,692,LES ULIS,11739,9543,9393,232,172,294,257,590,3184,1685,1518,128,1333
92,HAUTS-DE-SEINE,2,ANTONY,37502,30699,30260,698,546,825,626,1647,7965,6650,5235,574,5494
92,HAUTS-DE-SEINE,4,ASNIERES-SUR-SEINE,43951,34446,33986,719,589,832,466,1583,8008,9057,4295,723,7714
92,HAUTS-DE-SEINE,7,BAGNEUX,25567,19655,19372,477,264,482,351,1042,4730,3303,5655,305,2763
92,HAUTS-DE-SEINE,9,BOIS-COLOMBES,16929,13339,13156,257,278,416,200,734,2839,3678,1331,290,3133
92,HAUTS-DE-SEINE,12,BOULOGNE-BILLANCOURT,62752,48848,48329,810,1017,1140,625,2075,10612,13865,4605,940,12640
92,HAUTS-DE-SEINE,14,BOURG-LA-REINE,12218,9846,9729,172,242,306,198,546,2462,2715,662,230,2196
92,HAUTS-DE-SEINE,19,CHATENAY-MALABRY,17743,14222,14002,297,249,381,312,873,3981,3035,2132,230,2512
92,HAUTS-DE-SEINE,20,CHATILLON,17215,13651,13460,330,191,343,208,682,3480,2809,2725,219,2473
92,HAUTS-DE-SEINE,22,CHAVILLE,12832,10313,10180,214,203,306,168,603,2634,2491,1255,226,2080
92,HAUTS-DE-SEINE,23,CLAMART,33369,26269,25920,568,454,709,500,1428,6336,6494,4135,476,4820
92,HAUTS-DE-SEINE,24,CLICHY,25204,19474,19192,539,281,501,225,770,5259,4491,3549,286,3291
92,HAUTS-DE-SEINE,25,COLOMBES,48381,39844,39262,924,595,995,631,2069,9368,8816,8696,663,6505
92,HAUTS-DE-SEINE,26,COURBEVOIE,34254,28213,27883,485,601,749,425,1180,6321,8229,3068,568,6257
92,HAUTS-DE-SEINE,32,FONTENAY-AUX-ROSES,15593,12600,12427,274,264,393,240,683,3553,2907,1393,269,2451
92,HAUTS-DE-SEINE,33,GARCHES,10335,8572,8467,142,219,243,145,466,1743,2411,642,183,2273
92,HAUTS-DE-SEINE,35,LA GARENNE-COLOMBES,14912,12000,11816,242,201,402,166,553,2726,3302,1505,214,2505
92,HAUTS-DE-SEINE,36,GENNEVILLIERS,22352,17770,17494,456,155,280,196,672,3625,2406,7694,157,1853
92,HAUTS-DE-SEINE,40,ISSY-LES-MOULINEAUX,27658,22319,22069,519,424,544,385,928,5648,5450,3504,418,4249
92,HAUTS-DE-SEINE,44,LEVALLOIS-PERRET,28606,23642,23291,463,355,551,288,988,5064,5881,4373,406,4922
92,HAUTS-DE-SEINE,46,MALAKOFF,22210,17298,17039,359,219,373,216,699,3489,2756,6450,214,2264
92,HAUTS-DE-SEINE,48,MEUDON,31767,25112,24836,475,532,713,487,1344,6625,6141,2927,502,5090
92,HAUTS-DE-SEINE,49,MONTROUGE,25396,19718,19475,447,359,485,333,985,5175,4923,2611,343,3814
92,HAUTS-DE-SEINE,50,NANTERRE,43749,35244,34655,837,476,858,548,1594,7811,6342,10636,503,5050
92,HAUTS-DE-SEINE,51,NEUILLY-SUR-SEINE,38533,31894,31635,179,785,590,266,994,3728,12339,703,779,11272
92,HAUTS-DE-SEINE,60,LE PLESSIS-ROBINSON,14756,11873,11708,251,181,309,189,616,2953,2260,2870,173,1906
92,HAUTS-DE-SEINE,62,PUTEAUX,21278,16546,16275,320,310,430,166,694,4319,3994,2441,279,3322
92,HAUTS-DE-SEINE,63,RUEIL-MALMAISON,39781,33091,32618,690,690,961,543,1741,7980,8118,4077,680,7138
92,HAUTS-DE-SEINE,64,SAINT-CLOUD,18280,14920,14753,173,408,395,231,687,2653,4868,666,377,4295
92,HAUTS-DE-SEINE,71,SCEAUX,13612,11197,11011,182,254,321,287,596,2718,3185,688,243,2537
92,HAUTS-DE-SEINE,72,SEVRES,13977,11624,11486,201,242,336,256,633,2805,2869,1568,245,2331
92,HAUTS-DE-SEINE,73,SURESNES,21814,17555,17285,397,290,468,245,896,4621,4096,2956,286,3030
92,HAUTS-DE-SEINE,75,VANVES,15136,11912,11762,252,254,344,243,543,3206,2955,1404,236,2325
92,HAUTS-DE-SEINE,77,VILLE-D'AVRAY,7063,5707,5658,58,196,178,103,320,1080,1825,242,123,1533
92,HAUTS-DE-SEINE,78,VILLENEUVE-LA-GARENNE,11996,9730,9559,265,131,227,107,426,2567,2043,2199,129,1465
93,SEINE-SAINT-DENIS,1,AUBERVILLIERS,33195,25955,25582,587,246,472,292,906,5322,4337,9976,286,3158
93,SEINE-SAINT-DENIS,5,AULNAY-SOUS-BOIS,41532,32056,31067,722,404,786,390,1472,7596,6682,7183,456,5376
93,SEINE-SAINT-DENIS,6,BAGNOLET,18658,14640,14437,358,192,290,181,565,3258,2235,5217,171,1970
93,SEINE-SAINT-DENIS,7,LE BLANC-MESNIL,28148,22540,22148,587,225,527,266,979,5199,4242,6813,301,3009
93,SEINE-SAINT-DENIS,8,BOBIGNY,22888,18248,17900,505,183,408,206,778,4230,3027,6232,219,2112
93,SEINE-SAINT-DENIS,10,BONDY,27951,21227,20623,616,284,480,284,1011,6743,3911,4067,283,2944
93,SEINE-SAINT-DENIS,13,LE BOURGET,6620,5397,5309,123,116,137,55,221,1231,1304,956,107,1059
93,SEINE-SAINT-DENIS,14,CLICHY-SOUS-BOIS,11418,8908,8752,210,109,213,99,431,2363,1730,1992,149,1456
93,SEINE-SAINT-DENIS,27,LA COURNEUVE,18418,14495,14292,344,148,298,127,497,3114,2411,5602,162,1589
93,SEINE-SAINT-DENIS,29,DRANCY,39810,31460,30937,786,301,695,284,1260,6355,5007,12312,338,3599
93,SEINE-SAINT-DENIS,31,EPINAY-SUR-SEINE,27524,21781,21204,522,296,545,265,937,6528,4223,4226,309,3353
93,SEINE-SAINT-DENIS,32,GAGNY,22446,18455,18195,415,292,494,225,959,4785,3898,3335,272,3520
93,SEINE-SAINT-DENIS,45,LES LILAS,12670,9645,9492,305,140,217,135,427,2618,2072,1518,170,1890
93,SEINE-SAINT-DENIS,46,LIVRY-GARGAN,21620,17601,17018,464,257,446,170,812,4851,3892,2895,242,2989
93,SEINE-SAINT-DENIS,47,MONTFERMEIL,11215,9284,9107,237,130,233,107,444,2017,1981,1989,145,1824
93,SEINE-SAINT-DENIS,48,MONTREUIL,54969,43555,42942,1012,517,1068,688,1857,9869,7698,13413,520,6300
93,SEINE-SAINT-DENIS,49,NEUILLY-PLAISANCE,10442,8350,8223,204,134,227,133,466,1916,1871,1423,128,1721
93,SEINE-SAINT-DENIS,50,NEUILLY-SUR-MARNE,15641,12332,12136,333,174,325,152,693,3734,2250,2282,184,2009
93,SEINE-SAINT-DENIS,51,NOISY-LE-GRAND,20697,17045,16767,404,224,482,256,974,3988,3604,3534,212,3089
93,SEINE-SAINT-DENIS,53,NOISY-LE-SEC,22476,17663,17004,397,226,475,247,786,4256,3344,4399,248,2626
93,SEINE-SAINT-DENIS,55,PANTIN,25629,19618,19321,519,232,451,253,828,4992,4199,4373,268,3206
93,SEINE-SAINT-DENIS,57,LES PAVILLONS-SOUS-BOIS,11494,9122,9001,244,153,243,95,399,2357,2246,1332,182,1750
93,SEINE-SAINT-DENIS,59,PIERREFITTE-SUR-SEINE,12620,10055,9866,269,101,237,125,489,2336,1828,3030,116,1335
93,SEINE-SAINT-DENIS,61,LE PRE-SAINT-GERVAIS,7730,6041,5935,164,79,134,68,249,1881,1175,1106,77,1002
93,SEINE-SAINT-DENIS,62,LE RAINCY,9155,7471,7388,136,146,180,73,397,1505,2097,628,165,2061
93,SEINE-SAINT-DENIS,63,ROMAINVILLE,15159,12007,11762,308,130,266,124,467,2309,1826,4620,137,1575
93,SEINE-SAINT-DENIS,64,ROSNY-SOUS-BOIS,21386,17098,16611,388,231,493,218,802,4142,3702,3268,234,3133
93,SEINE-SAINT-DENIS,66,SAINT-DENIS,43540,34181,33591,852,334,684,469,1271,7564,5757,12289,375,3996
93,SEINE-SAINT-DENIS,70,SAINT-OUEN,22696,17607,17329,496,180,365,214,613,3815,3191,5892,213,2350
93,SEINE-SAINT-DENIS,71,SEVRAN,20912,16903,16578,446,242,443,223,724,4493,3353,3890,238,2526
93,SEINE-SAINT-DENIS,72,STAINS,18975,15094,14776,372,143,268,139,568,3141,2553,5835,148,1609
93,SEINE-SAINT-DENIS,73,TREMBLAY-EN-FRANCE,15957,13070,12842,351,166,328,156,614,3179,2387,3658,163,1840
93,SEINE-SAINT-DENIS,77,VILLEMOMBLE,18507,14924,14705,323,263,449,178,739,3568,3619,1884,284,3398
93,SEINE-SAINT-DENIS,78,VILLEPINTE,12186,9706,9569,229,122,260,97,487,2450,2023,2084,154,1663
93,SEINE-SAINT-DENIS,79,VILLETANEUSE,4509,3480,3435,77,43,67,41,122,849,579,1280,41,336
94,VAL-DE-MARNE,2,ALFORTVILLE,22973,17660,17398,456,180,400,192,718,5942,3315,3416,189,2590
94,VAL-DE-MARNE,3,ARCUEIL,13041,11249,11100,188,122,203,170,477,2141,1488,4928,124,1259
94,VAL-DE-MARNE,4,BOISSY-SAINT-LEGER,6220,5088,5018,83,87,143,79,259,1485,1061,718,74,1029
94,VAL-DE-MARNE,11,BONNEUIL-SUR-MARNE,8368,6821,6712,167,78,153,72,315,1650,1189,2087,87,914
94,VAL-DE-MARNE,15,BRY-SUR-MARNE,7994,6357,6251,124,141,167,99,347,1510,1606,651,123,1483
94,VAL-DE-MARNE,16,CACHAN,15554,12172,11994,252,183,313,226,588,3431,2610,2248,162,1981
94,VAL-DE-MARNE,17,CHAMPIGNY-SUR-MARNE,43780,35283,34743,696,435,788,446,1558,7691,6554,10602,518,5455
94,VAL-DE-MARNE,18,CHARENTON-LE-PONT,13236,10788,10647,218,204,276,155,482,2653,3059,1170,185,2245
94,VAL-DE-MARNE,19,CHENNEVIERES-SUR-MARNE,8992,7064,6969,147,123,194,98,376,1809,1616,992,140,1474
94,VAL-DE-MARNE,21,CHEVILLY-LARUE,9937,8100,7992,172,140,186,142,370,2244,1623,1644,108,1363
94,VAL-DE-MARNE,22,CHOISY-LE-ROI,21905,17215,16943,416,253,430,288,789,3989,3377,4412,264,2725
94,VAL-DE-MARNE,28,CRETEIL,37602,29922,29411,697,463,777,488,1493,9316,6438,3740,449,5550
94,VAL-DE-MARNE,33,FONTENAY-SOUS-BOIS,31096,25370,25059,516,392,641,349,1160,5661,5399,5819,376,4746
94,VAL-DE-MARNE,34,FRESNES,14458,11724,11558,281,173,351,259,658,3638,2382,1744,194,1878
94,VAL-DE-MARNE,37,GENTILLY,9883,8084,7959,184,93,166,139,295,1696,1344,2922,81,1039
94,VAL-DE-MARNE,38,L'HAY-LES-ROSES,18182,14981,14782,381,238,449,297,743,4574,2999,2195,219,2687
94,VAL-DE-MARNE,41,IVRY-SUR-SEINE,32637,27149,26749,562,294,496,378,865,5462,3481,11966,305,2940
94,VAL-DE-MARNE,42,JOINVILLE-LE-PONT,11102,9290,9173,185,141,202,101,441,2155,2253,1586,171,1938
94,VAL-DE-MARNE,43,LE KREMLIN-BICETRE,10473,8237,8125,184,111,239,109,417,2095,1794,1560,133,1483
94,VAL-DE-MARNE,44,LIMEIL-BREVANNES,8685,7008,6905,176,123,197,84,331,1634,1427,1733,79,1121
94,VAL-DE-MARNE,46,MAISONS-ALFORT,34222,28052,27610,712,485,780,411,1361,7230,7047,3800,469,5315
94,VAL-DE-MARNE,52,NOGENT-SUR-MARNE,16981,13621,13451,238,309,353,160,698,2755,3924,1011,342,3661
94,VAL-DE-MARNE,54,ORLY,14017,11135,10971,250,125,272,160,454,2611,1842,3782,135,1340
94,VAL-DE-MARNE,58,LE PERREUX-SUR-MARNE,19328,15215,14981,260,284,434,187,789,3505,3992,1489,314,3727
94,VAL-DE-MARNE,59,LE PLESSIS-TREVISE,7146,5717,5635,109,108,173,88,337,1556,1196,838,79,1151
94,VAL-DE-MARNE,60,LA QUEUE-EN-BRIE,5096,4388,4359,98,72,113,61,209,1169,847,1002,50,738
94,VAL-DE-MARNE,67,SAINT-MANDE,13834,10794,10658,161,235,248,157,465,2252,3348,494,262,3036
94,VAL-DE-MARNE,68,SAINT-MAUR-DES-FOSSES,49724,40268,39774,645,806,1105,537,2090,8700,11090,3533,890,10378
94,VAL-DE-MARNE,71,SUCY-EN-BRIE,13961,11804,11634,271,231,293,171,626,3016,3153,1220,228,2425
94,VAL-DE-MARNE,73,THIAIS,14305,11547,11385,267,227,314,188,570,3095,2518,1922,222,2062
94,VAL-DE-MARNE,74,VALENTON,5995,4967,4892,110,68,97,61,179,1009,792,1845,53,678
94,VAL-DE-MARNE,76,VILLEJUIF,29080,23832,23479,514,244,543,307,959,4999,3510,9216,257,2930
94,VAL-DE-MARNE,77,VILLENEUVE-LE-ROI,13044,10073,9945,219,134,227,110,420,1940,1970,3398,123,1404
94,VAL-DE-MARNE,78,VILLENEUVE-SAINT-GEORGES,17355,14315,14066,331,148,365,163,678,3585,3059,3562,197,1978
94,VAL-DE-MARNE,79,VILLIERS-SUR-MARNE,12800,10486,10309,261,182,301,191,545,2711,2384,1628,165,1941
94,VAL-DE-MARNE,80,VINCENNES,30422,23927,23638,423,501,617,362,1139,5589,6947,1970,512,5578
94,VAL-DE-MARNE,81,VITRY-SUR-SEINE,46638,38738,38205,944,425,879,517,1659,9160,6295,13057,445,4824
95,VAL-D'OISE,18,ARGENTEUIL,54219,44393,43666,1055,568,1087,529,1964,10115,8119,14142,559,5528
95,VAL-D'OISE,19,ARNOUVILLE-LES-GONESSE,7278,5951,5852,132,97,149,78,236,1544,1301,1177,92,1046
95,VAL-D'OISE,63,BEZONS,14243,11795,11638,308,137,253,145,518,2497,1859,4426,135,1360
95,VAL-D'OISE,127,CERGY,6846,5640,5538,139,99,176,121,361,1704,1298,657,83,900
95,VAL-D'OISE,176,CORMEILLES-EN-PARISIS,9152,7707,7607,173,146,197,86,382,1790,1931,1318,144,1440
95,VAL-D'OISE,197,DEUIL-LA-BARRE,11243,9088,8949,182,162,265,112,514,2215,2412,977,194,1916
95,VAL-D'OISE,199,DOMONT,7277,6075,5989,114,85,150,72,335,1727,1348,975,77,1106
95,VAL-D'OISE,203,EAUBONNE,15725,12629,12506,256,244,429,194,741,3251,3314,1411,236,2430
95,VAL-D'OISE,210,ENGHIEN-LES-BAINS,7368,6035,5972,69,137,163,85,259,1093,2091,294,125,1656
95,VAL-D'OISE,218,ERAGNY,5959,5136,5054,135,85,167,82,305,1568,1008,905,87,712
95,VAL-D'OISE,219,ERMONT,15265,12521,12346,317,233,351,161,687,3268,3124,1886,256,2063
95,VAL-D'OISE,252,FRANCONVILLE,18685,15138,14940,366,256,430,193,876,3971,3471,2468,242,2667
95,VAL-D'OISE,268,GARGES-LES-GONESSE,18286,13437,13034,267,122,256,165,490,3966,2490,3226,154,1898
95,VAL-D'OISE,277,GONESSE,12124,9524,9377,220,134,236,108,467,2509,2125,1759,129,1690
95,VAL-D'OISE,280,GOUSSAINVILLE,12759,10585,10399,249,145,272,116,483,2447,1907,3215,128,1437
95,VAL-D'OISE,306,HERBLAY,10960,9295,9138,250,146,276,123,501,2426,2102,1399,166,1749
95,VAL-D'OISE,313,L'ISLE-ADAM,6354,5214,5134,117,133,144,57,261,1135,1434,612,125,1116
95,VAL-D'OISE,424,MONTIGNY-LES-CORMEILLES,7692,6275,6186,155,103,173,80,345,1526,1296,1387,90,1031
95,VAL-D'OISE,428,MONTMORENCY,12531,10078,9959,158,181,290,170,528,2313,2758,885,205,2471
95,VAL-D'OISE,476,OSNY,6139,5017,4947,148,75,154,57,277,1446,1239,798,93,660
95,VAL-D'OISE,487,PERSAN,4673,3808,3728,91,30,79,24,110,790,763,1425,41,375
95,VAL-D'OISE,500,PONTOISE,16041,12734,12513,324,278,338,203,726,3356,3375,1555,245,2113
95,VAL-D'OISE,539,SAINT-BRICE-SOUS-FORET,4960,4007,3956,99,74,123,62,223,1088,863,620,76,728
95,VAL-D'OISE,555,SAINT-GRATIEN,12888,10455,10313,282,172,335,154,555,2820,2307,1632,169,1887
95,VAL-D'OISE,563,SAINT-LEU-LA-FORET,7598,6315,6223,136,120,303,116,348,1516,1656,732,106,1190
95,VAL-D'OISE,572,SAINT-OUEN-L'AUMONE,8664,7152,7028,169,95,196,101,319,1910,1795,1212,115,1116
95,VAL-D'OISE,582,SANNOIS,12617,10219,10077,230,176,310,118,525,2464,2375,1950,187,1742
95,VAL-D'OISE,585,SARCELLES,29607,22378,21797,485,266,481,380,974,6854,4338,4374,246,3399
95,VAL-D'OISE,598,SOISY-SOUS-MONTMORENCY,10403,8267,8148,145,154,235,132,482,2087,2198,903,147,1665
95,VAL-D'OISE,607,TAVERNY,12987,10351,10182,256,181,298,149,612,2746,2435,1317,198,1990
95,VAL-D'OISE,680,VILLIERS-LE-BEL,11300,9220,9071,242,105,245,133,465,2829,1990,1538,160,1364
